Datetime,MSCI,S&P500,WTI,USDX,Gold
10/03/2016,1597.09,2161.2,48.81,96.07,1312.7
11/03/2016,1626.17,2088.66,44.66,96.17,1305.3
03/14/2016,1627.5,2019.64,37.18,96.62,1245.6
03/15/2016,1619.16,2015.93,36.34,96.63,1231.5
03/16/2016,1621.47,2027.22,38.46,95.89,1230.3
03/17/2016,1643,2040.59,40.2,94.76,1265.5
03/18/2016,1645.57,2049.58,39.44,95.09,1254.8
03/21/2016,1643.68,2051.6,39.91,95.29,1244.8
03/22/2016,1643.58,2049.8,41.45,95.65,1249.2
03/23/2016,1631.27,2036.71,39.79,96.05,1224.6
03/24/2016,1622.21,2035.94,39.46,96.14,1222.2
03/28/2016,1627.63,2037.05,39.39,95.94,1220.8
03/29/2016,1635.87,2055.01,38.28,95.16,1236.4
03/30/2016,1652.89,2063.95,38.32,94.84,1228.6
03/31/2016,1648.12,2059.74,38.34,94.59,1235.6
1/04/2016,1640.14,2012.66,36.76,94.62,1075.5
4/04/2016,1640.75,2066.13,35.7,94.51,1219.3
5/04/2016,1618.53,2051.12,43.78,94.63,1275.6
8/04/2016,1632.2,2164.25,41.93,94.23,1362.7
11/04/2016,1632.14,2085.18,44.07,93.95,1306.5
04/13/2016,1666.17,2082.42,41.76,94.74,1248.3
04/14/2016,1671.96,2082.78,41.5,94.9,1226.5
04/15/2016,1670.47,2080.73,40.36,94.7,1234.6
04/18/2016,1675.32,2094.34,39.78,94.49,1235
04/19/2016,1692.91,2100.8,41.08,93.98,1254.3
04/20/2016,1695.05,2102.4,42.63,94.49,1254.4
04/21/2016,1690.45,2091.48,43.18,94.6,1250.3
04/22/2016,1686.17,2091.58,43.73,95.12,1230
04/25/2016,1682.68,2087.79,42.64,94.84,1240.2
04/26/2016,1685.65,2091.7,44.04,94.57,1243.4
04/27/2016,1685.95,2095.15,45.33,94.39,1250.4
04/28/2016,1677.34,2075.81,46.03,93.76,1267.3
04/29/2016,1670.8,2065.3,45.92,93.08,1291.5
2/05/2016,1675.64,1880.05,30.89,92.63,1157.7
4/05/2016,1644.01,2045.17,35.89,93.18,1229.6
5/05/2016,1641.16,2050.63,44.32,93.78,1273.5
10/05/2016,1662.31,2159.73,49.83,94.29,1268.6
12/05/2016,1649.91,2204.71,51.79,94.15,1176.5
05/13/2016,1635.92,2046.61,46.21,94.61,1273.8
05/16/2016,1648.49,2066.66,47.72,94.57,1275.4
05/17/2016,1641.63,2047.21,48.31,94.55,1278.2
05/18/2016,1641.15,2047.63,48.19,95.08,1275.7
05/19/2016,1627.61,2040.04,48.16,95.29,1256.1
05/20/2016,1639.85,2052.32,47.75,95.33,1254.4
05/23/2016,1635.62,2048.04,48.08,95.23,1253.2
05/24/2016,1654.36,2076.06,48.62,95.57,1230.7
05/25/2016,1668.87,2090.54,49.56,95.35,1225.2
05/26/2016,1672.12,2090.1,49.48,95.17,1221.5
05/27/2016,1676.07,2099.06,49.33,95.52,1216.7
05/31/2016,1674.61,2096.96,49.1,95.89,1217.5
1/06/2016,1672.86,1990.26,33.97,95.45,1092.2
6/06/2016,1686.39,2109.41,49.69,93.9,1247.4
7/06/2016,1694.29,2099.73,47.43,93.83,1369
9/06/2016,1688.66,2186.48,44.83,93.95,1351.8
10/06/2016,1665.22,2160.77,50.44,94.57,1253
06/13/2016,1645.64,2079.06,48.88,94.36,1286.9
06/14/2016,1630.45,2075.32,48.49,94.93,1288.1
06/15/2016,1633.8,2071.5,48.01,94.61,1288.3
06/16/2016,1628.13,2077.99,46.21,94.57,1298.4
06/17/2016,1635.78,2071.22,47.98,94.21,1294.8
06/20/2016,1664.14,2083.25,49.37,93.61,1292.1
06/21/2016,1668.78,2088.9,48.85,94.02,1272.5
06/22/2016,1667.91,2085.45,49.13,93.72,1270
06/23/2016,1691.76,2113.32,50.11,93.53,1263.1
06/24/2016,1608.79,2037.41,47.64,95.45,1322.4
06/27/2016,1571.76,2000.54,46.33,96.54,1324.7
06/28/2016,1599.12,2036.09,47.85,96.25,1317.9
06/29/2016,1634.41,2070.77,49.88,95.77,1328.6
06/30/2016,1653.23,2098.86,48.33,96.14,1322
1/07/2016,1660.26,1943.09,33.27,95.65,1108.1
4/07/2016,1660.88,2041.91,37.26,95.65,1237.5
6/07/2016,1640.74,2112.13,50.36,96.05,1247
7/07/2016,1643.93,2097.9,45.14,96.33,1364.1
11/07/2016,1676.15,2131.52,44.89,96.57,1281.3
12/07/2016,1690.69,2241.35,49.77,96.44,1177.5
07/13/2016,1694.38,2152.43,44.75,96.22,1345.6
07/14/2016,1703.22,2163.75,45.68,96.08,1334.1
07/15/2016,1700.57,2161.74,45.95,96.58,1329.3
07/18/2016,1703.93,2166.89,45.24,96.56,1331.1
07/19/2016,1698.72,2163.78,44.65,97.06,1334.2
07/20/2016,1707.32,2173.02,44.94,97.2,1321.2
07/21/2016,1705.4,2165.17,44.75,97,1332.8
07/22/2016,1706.97,2175.03,44.19,97.47,1325.3
07/25/2016,1703.94,2168.48,43.13,97.29,1321.3
07/26/2016,1705.99,2169.18,42.92,97.16,1322.5
07/27/2016,1706.35,2166.58,41.92,97.05,1328.6
07/28/2016,1707.59,2170.06,41.14,96.74,1337
07/29/2016,1721.79,2173.6,41.6,95.53,1353.1
1/08/2016,1717.67,1922.03,33.16,95.71,1098.1
2/08/2016,1706.52,1853.44,29.69,95.06,1197.9
3/08/2016,1703.43,1979.26,36.5,95.56,1263.4
4/08/2016,1707.69,2047.6,39.72,95.76,1243.8
8/08/2016,1719.91,2180.89,43.02,96.4,1336.4
9/08/2016,1728.52,2181.3,47.62,96.18,1339.1
11/08/2016,1735.8,2139.56,44.98,95.86,1276.4
12/08/2016,1736.1,2246.19,50.84,95.72,1172.4
08/15/2016,1739.43,2190.15,45.74,95.63,1343.2
08/16/2016,1730.94,2178.15,46.58,94.79,1352.7
08/17/2016,1731.64,2182.22,46.79,94.72,1344.8
08/18/2016,1736.83,2187.02,48.22,94.16,1353.2
08/19/2016,1731.85,2183.87,48.52,94.51,1342.2
08/22/2016,1732.61,2182.64,47.05,94.52,1339.4
08/23/2016,1738.55,2186.9,48.1,94.54,1342.1
08/24/2016,1731.17,2175.44,46.77,94.79,1326.1
08/25/2016,1727.3,2172.47,47.33,94.77,1321.2
08/26/2016,1726.08,2169.04,47.64,95.57,1322.6
08/29/2016,1725.57,2180.38,46.98,95.58,1323.7
08/30/2016,1723.65,2176.12,46.35,96.05,1314.7
08/31/2016,1719.52,2170.95,44.7,96.02,1309.6
2/09/2016,1734.6,1852.21,27.94,95.84,1198.6
5/09/2016,1737.39,2058.69,43.44,95.84,1267.8
6/09/2016,1745.89,2115.48,50.56,94.82,1272.7
8/09/2016,1744.44,2181.74,42.77,95.03,1342.1
9/09/2016,1707.94,2127.81,45.88,95.34,1332.1
12/09/2016,1715.76,2259.53,51.5,95.09,1161.9
09/13/2016,1694.83,2127.02,44.9,95.63,1321.1
09/14/2016,1692.53,2125.77,43.58,95.33,1323.5
09/15/2016,1704.84,2147.26,43.91,95.29,1315.7
09/16/2016,1696.31,2139.16,43.03,96.11,1307.8
09/19/2016,1703.08,2139.12,43.3,95.84,1315.5
09/20/2016,1703.23,2139.76,43.44,96.02,1315.8
09/21/2016,1721.69,2163.12,45.34,95.66,1329.1
09/22/2016,1740.55,2177.18,46.32,95.45,1342.5
09/23/2016,1729.7,2164.69,44.48,95.48,1339.3
09/26/2016,1714.85,2146.1,45.93,95.3,1341.7
09/27/2016,1719.88,2159.93,44.67,95.44,1328
09/28/2016,1725.63,2171.37,47.05,95.43,1321.4
09/29/2016,1719.77,2151.13,47.83,95.53,1326
09/30/2016,1725.67,2168.27,48.24,95.46,1317.1
3/10/2016,1722.82,1989.57,37.84,95.69,1273.3
5/10/2016,1721.14,2084.39,44.66,96.12,1266
6/10/2016,1718.4,2096.07,49.07,96.77,1275.9
10/10/2016,1719.29,2163.66,51.35,96.93,1260.4
11/10/2016,1700.33,2167.48,44.66,97.69,1267.9
10/13/2016,1689.62,2132.55,50.44,97.52,1257.6
10/14/2016,1693.71,2132.98,50.35,98.02,1255.5
10/17/2016,1687.84,2126.5,49.94,97.89,1256.6
10/18/2016,1701.1,2139.6,50.29,97.89,1262.9
10/19/2016,1706.74,2144.29,51.6,97.92,1269.9
10/20/2016,1704.04,2141.34,50.43,98.31,1267.5
10/21/2016,1701.16,2141.16,50.85,98.69,1267.7
10/24/2016,1706.24,2151.33,50.52,98.76,1263.7
10/25/2016,1701.2,2143.16,49.96,98.72,1273.6
10/26/2016,1699.92,2139.43,49.18,98.63,1266.6
10/27/2016,1694.66,2133.04,49.72,98.89,1269.5
10/28/2016,1690.96,2126.41,48.7,98.35,1278.6
10/31/2016,1690.92,2126.15,46.86,98.44,1275.1
1/11/2016,1683.96,1923.67,31.41,97.7,1096.3
2/11/2016,1672.83,1829.08,26.21,97.4,1247.8
3/11/2016,1667.03,2022.19,38.5,97.16,1259.9
4/11/2016,1660.12,2041.99,40.36,97.06,1258
7/11/2016,1685.62,2137.16,44.76,97.78,1358.9
8/11/2016,1691.74,2185.79,43.49,97.86,1345.5
10/11/2016,1701.29,2136.73,50.79,98.78,1255.9
11/11/2016,1696.99,2164.45,43.41,99.06,1225.6
11/14/2016,1692.31,2164.2,43.32,100.11,1223
11/15/2016,1701.82,2180.39,45.81,100.23,1225.9
11/16/2016,1698.41,2176.94,45.57,100.41,1225.3
11/17/2016,1706.98,2187.12,45.42,100.89,1218.3
11/18/2016,1697.35,2181.9,45.69,101.21,1210.1
11/21/2016,1710.49,2198.18,47.49,101.05,1211.3
11/22/2016,1713.07,2202.94,48.03,101.04,1212.7
11/23/2016,1709.71,2204.72,47.96,101.7,1190.8
11/25/2016,1720.84,2213.35,46.06,101.49,1179.6
11/28/2016,1712.98,2201.72,47.08,101.33,1192.3
11/29/2016,1715.42,2204.66,45.23,100.93,1190.8
11/30/2016,1712.09,2198.81,49.44,101.5,1173.9
1/12/2016,1708.64,1938.68,30.44,101.04,1085.3
2/12/2016,1708.94,1864.78,29.44,100.77,1239.4
5/12/2016,1718.1,2064.11,46.7,100.09,1272.3
7/12/2016,1749.31,2152.14,46.8,100.23,1337.3
8/12/2016,1752.94,2184.05,44.49,101.1,1338.9
9/12/2016,1760.12,2159.04,46.29,101.59,1323.1
12/12/2016,1760.25,2256.96,52.83,101.03,1165.8
12/13/2016,1774.01,2271.72,52.98,101.07,1159
12/14/2016,1763.72,2253.28,51.04,101.76,1163.7
12/15/2016,1754.51,2262.03,50.9,103.02,1129.8
12/16/2016,1754.74,2258.07,51.9,102.95,1137.4
12/19/2016,1758.82,2262.53,52.12,103.14,1142.7
12/20/2016,1761.43,2270.76,52.23,103.29,1133.6
12/21/2016,1760.09,2265.18,52.49,103.02,1133.2
12/22/2016,1757.83,2260.96,52.95,103.09,1130.7
12/23/2016,1759.15,2263.79,53.02,103.01,1133.6
12/27/2016,1760.56,2268.88,53.9,103.02,1138.8
12/28/2016,1750.48,2249.92,54.06,103.3,1140.9
12/29/2016,1752.96,2249.26,53.77,102.68,1160.7
12/30/2016,1751.22,2238.83,53.72,102.21,1152.9
2/01/2017,1753.09,2279.55,53.88,102.83,1208.3
3/01/2017,1757.99,2395.96,53.83,103.21,1251.6
5/01/2017,1782.46,2388.33,48.84,101.52,1257.2
6/01/2017,1783.1,2430.06,48.36,102.22,1270.1
9/01/2017,1776.94,2476.55,47.29,101.93,1328.5
11/01/2017,1778.17,2579.36,54.3,101.78,1279.2
12/01/2017,1783.44,2642.22,58.36,101.35,1282.3
01/13/2017,1788.23,2274.64,52.37,101.18,1197.5
01/17/2017,1782.86,2267.89,52.48,100.33,1214.3
01/18/2017,1785.69,2271.89,51.08,100.93,1213.5
01/19/2017,1776.02,2263.69,51.37,101.15,1202.7
01/20/2017,1782.71,2271.31,52.42,100.74,1206
01/23/2017,1781.43,2265.2,52.75,100.16,1216.6
01/24/2017,1790.57,2280.07,53.18,100.35,1211.7
01/25/2017,1805.81,2298.37,52.75,100.03,1199
01/26/2017,1803.75,2296.68,53.78,100.38,1191
01/27/2017,1803.39,2294.69,53.17,100.53,1189.8
01/30/2017,1792.06,2280.9,52.63,100.43,1196
01/31/2017,1792.4,2278.87,52.81,99.51,1211.4
2/02/2017,1795.11,2280.85,53.54,99.79,1219.4
3/02/2017,1805.51,2381.92,52.61,99.87,1234.4
6/02/2017,1798.21,2439.07,47.66,99.91,1280.2
8/02/2017,1802.26,2477.57,49.59,100.28,1275.1
10/02/2017,1814.71,2529.12,50.58,100.8,1275.8
02/13/2017,1823.34,2328.25,52.93,100.96,1225.8
02/14/2017,1823.63,2337.58,53.2,101.25,1225.4
02/15/2017,1833.55,2349.25,53.11,101.18,1233.1
02/16/2017,1836.56,2347.22,53.36,100.44,1241.6
02/17/2017,1836.5,2351.16,53.4,100.95,1239.1
02/21/2017,1843.05,2365.38,54.06,101.37,1238.9
02/22/2017,1842.37,2362.82,53.59,101.22,1233.3
02/23/2017,1845.35,2363.81,54.45,101.05,1251.4
02/24/2017,1840.8,2367.34,53.99,101.09,1258.3
02/27/2017,1841.57,2369.75,54.05,101.13,1260.4
02/28/2017,1838.7,2363.64,54.01,101.12,1255.4
1/03/2017,1856.34,2257.83,52.33,101.78,1163.2
2/03/2017,1848.84,2297.42,53.83,102.2,1220.8
3/03/2017,1848.98,2383.12,53.33,101.54,1228.1
7/03/2017,1840.57,2429.01,47.07,101.81,1221
8/03/2017,1834.72,2472.16,49.03,102.07,1271.1
10/03/2017,1845.88,2534.58,50.42,101.25,1274.6
03/13/2017,1850.02,2373.47,48.4,101.31,1204.7
03/14/2017,1842.98,2365.45,47.72,101.7,1204.2
03/15/2017,1854.15,2385.26,48.86,100.74,1202.3
03/16/2017,1864.1,2381.38,48.75,100.36,1228.6
03/17/2017,1863.08,2378.25,48.78,100.3,1231.7
03/20/2017,1860.53,2373.47,48.22,100.41,1235.6
03/21/2017,1846.39,2344.02,47.34,99.81,1248
03/22/2017,1842.63,2348.45,48.04,99.68,1251.2
03/23/2017,1844.97,2345.96,47.7,99.76,1248.6
03/24/2017,1845.81,2343.98,47.97,99.63,1250.1
03/27/2017,1845.15,2341.59,47.73,99.17,1257.3
03/28/2017,1858.88,2358.57,48.37,99.71,1257.2
03/29/2017,1856.76,2361.13,49.51,100,1255.3
03/30/2017,1859.95,2368.06,50.35,100.41,1248
03/31/2017,1853.69,2362.72,50.6,100.35,1251.2
4/04/2017,1850.02,2360.16,51.03,100.54,1258.4
5/04/2017,1845.95,2389.52,45.52,100.56,1230.2
10/04/2017,1846.78,2537.74,49.98,101.02,1276.8
12/04/2017,1842.98,2639.44,57.47,100.78,1277.7
04/13/2017,1833.12,2328.95,53.18,100.56,1288.5
04/17/2017,1846.13,2349.01,52.65,100.29,1291.9
04/18/2017,1837.34,2342.19,52.41,99.5,1294.1
04/19/2017,1835.04,2338.17,50.44,99.74,1283.4
04/20/2017,1846.65,2355.84,50.27,99.78,1283.8
04/21/2017,1842.06,2348.69,49.62,99.98,1289.1
04/24/2017,1871.65,2374.15,49.23,99.09,1277.5
04/25/2017,1882.04,2388.61,49.56,98.78,1267.2
04/26/2017,1882.44,2387.45,49.62,99.05,1264.2
04/27/2017,1881.14,2388.77,48.97,99.08,1267.6
04/28/2017,1878.28,2384.2,49.33,99.05,1270
1/05/2017,1882.49,2269,53.76,99.08,1182.6
4/05/2017,1886.48,2352.95,51.15,98.8,1248.5
5/05/2017,1896.75,2399.29,46.22,98.65,1228.5
9/05/2017,1893.41,2457.85,48.66,99.66,1342.6
10/05/2017,1895.93,2552.07,50.79,99.67,1273.2
12/05/2017,1892.97,2629.57,57.62,99.25,1264.9
05/15/2017,1901.64,2402.32,48.85,98.91,1231.6
05/16/2017,1906.23,2400.67,48.66,98.11,1238
05/17/2017,1882.62,2357.03,49.07,97.58,1260.4
05/18/2017,1880.96,2365.72,49.35,97.88,1254.5
05/19/2017,1894.77,2381.73,50.33,97.14,1255.2
05/22/2017,1904.92,2394.02,50.73,96.98,1263
05/23/2017,1906.69,2398.42,51.47,97.35,1257.1
05/24/2017,1907.81,2404.39,51.36,97.24,1254.7
05/25/2017,1914.59,2415.07,48.9,97.25,1258
05/26/2017,1912.21,2415.82,49.8,97.44,1269.7
05/30/2017,1909.9,2412.91,49.66,97.28,1265.7
05/31/2017,1911.74,2411.8,48.32,96.92,1275.4
1/06/2017,1923.1,2276.98,53.99,97.2,1174.8
2/06/2017,1935.21,2292.56,53.01,96.72,1232.1
6/06/2017,1926.05,2429.33,48.19,96.64,1297.5
7/06/2017,1927.06,2409.75,45.52,96.75,1225
9/06/2017,1922.79,2465.54,49.16,97.27,1337.1
12/06/2017,1918.7,2629.27,55.96,97.14,1266.1
06/13/2017,1928.74,2440.35,46.46,96.97,1268.6
06/14/2017,1930.52,2437.92,44.73,96.94,1275.9
06/15/2017,1916.52,2432.46,44.46,97.43,1254.6
06/16/2017,1923.24,2433.15,44.74,97.16,1256.5
06/19/2017,1936.52,2453.46,44.2,97.55,1246.7
06/20/2017,1922.54,2437.03,43.23,97.76,1243.5
06/21/2017,1920,2435.61,42.53,97.56,1245.8
06/22/2017,1921.54,2434.5,42.74,97.59,1249.4
06/23/2017,1925.01,2438.3,43.01,97.26,1256.4
06/26/2017,1927.49,2439.07,43.38,97.43,1246.4
06/27/2017,1917.57,2419.38,44.24,96.39,1246.9
06/28/2017,1931.73,2440.69,44.74,96.01,1249.1
06/29/2017,1919.59,2419.7,44.93,95.63,1247.6
06/30/2017,1916.43,2423.41,46.04,95.63,1244.1
3/07/2017,1920.58,2368.39,53.14,96.22,1217.7
4/07/2017,1918.9,2355.54,52.24,96.22,1257.3
6/07/2017,1909.01,2433.14,45.72,95.8,1293.2
7/07/2017,1913.18,2425.18,44.23,96.01,1211.4
11/07/2017,1915.67,2590.64,57.2,95.67,1277.5
12/07/2017,1932.86,2636.98,56.69,95.76,1253.1
07/13/2017,1936.94,2447.83,46.08,95.73,1218.9
07/14/2017,1948.07,2459.27,46.54,95.15,1229.1
07/17/2017,1948.58,2459.14,46.02,95.13,1235.3
07/18/2017,1949.66,2460.61,46.4,94.6,1243.4
07/19/2017,1958.56,2473.83,47.12,94.78,1243.4
07/20/2017,1963.31,2473.45,46.79,94.31,1246.8
07/21/2017,1958.77,2472.54,45.77,93.86,1256
07/24/2017,1954.84,2469.91,46.34,93.98,1255.6
07/25/2017,1960.59,2477.13,47.89,94.05,1253.5
07/26/2017,1961.9,2477.83,48.75,93.67,1250.8
07/27/2017,1963.54,2475.42,49.04,93.86,1261.5
07/28/2017,1960.32,2472.1,49.71,93.26,1271.9
07/31/2017,1961.1,2470.3,50.17,92.86,1270.1
2/08/2017,1970.29,2294.67,52.34,92.84,1239.5
3/08/2017,1968.72,2362.98,50.28,92.84,1211
8/08/2017,1966.81,2474.92,49.17,93.65,1259.3
9/08/2017,1961.88,2461.43,47.48,93.55,1349.1
11/08/2017,1937.73,2594.38,56.81,93.07,1285.4
08/14/2017,1952.58,2465.84,47.59,93.41,1287
08/15/2017,1949.23,2464.61,47.55,93.85,1276.3
08/16/2017,1954.04,2468.11,46.78,93.54,1279.5
08/17/2017,1936.32,2430.01,47.09,93.62,1289.1
08/18/2017,1930.4,2425.55,48.51,93.43,1288.3
08/21/2017,1932.22,2428.37,47.37,93.09,1293.3
08/22/2017,1945.18,2452.51,47.64,93.55,1287.6
08/23/2017,1942.15,2444.04,48.41,93.15,1291.3
08/24/2017,1939.65,2438.97,47.43,93.28,1288.6
08/25/2017,1944.56,2443.05,47.87,92.74,1294.5
08/28/2017,1946.28,2444.24,46.57,92.21,1311.8
08/29/2017,1945.05,2446.3,46.44,92.25,1315.3
08/30/2017,1947.53,2457.59,45.96,92.88,1312.3
08/31/2017,1959.74,2471.65,47.23,92.67,1320.4
1/09/2017,1965.79,2268.9,51.96,92.81,1186.3
5/09/2017,1954.64,2396.92,45.88,92.25,1217.7
6/09/2017,1959.15,2431.77,45.83,92.29,1271.4
8/09/2017,1964.52,2474.02,49.56,91.35,1276
11/09/2017,1981.97,2584.62,57.17,91.9,1289.2
09/13/2017,1986.74,2498.37,49.3,92.52,1325.6
09/14/2017,1983.42,2495.62,49.89,92.12,1326.9
09/15/2017,1987.72,2500.23,49.89,91.87,1322.9
09/18/2017,1990.58,2503.87,49.91,92.05,1308.3
09/19/2017,1996.09,2506.65,49.48,91.79,1308.2
09/20/2017,1998.69,2508.24,50.41,92.51,1314
09/21/2017,1990.33,2500.6,50.55,92.19,1292.2
09/22/2017,1994.58,2502.22,50.66,92.17,1294.9
09/25/2017,1989.08,2496.66,52.22,92.65,1308.8
09/26/2017,1983.25,2496.84,51.88,92.97,1299.5
09/27/2017,1988,2507.04,52.14,93.36,1285.8
09/28/2017,1992.36,2510.06,51.56,93.08,1288.7
09/29/2017,2000.55,2519.36,51.67,93.08,1284.8
2/10/2017,2004.67,2316.1,53.86,93.56,1235.9
3/10/2017,2009.63,2372.6,48.49,93.57,1203
4/10/2017,2010.95,2357.16,53.08,93.46,1253.9
5/10/2017,2016.15,2399.63,47.33,93.96,1220.5
10/10/2017,2021.55,2550.64,50.92,93.29,1293.8
11/10/2017,2024.54,2582.3,56.74,93.02,1275.9
10/13/2017,2028.01,2553.17,51.45,93.09,1304.6
10/16/2017,2029.89,2557.64,51.87,93.31,1303
10/17/2017,2027.36,2559.36,51.88,93.51,1286.2
10/18/2017,2030.44,2561.26,52.04,93.36,1283
10/19/2017,2033.29,2562.1,51.29,93.16,1290
10/20/2017,2035.58,2575.21,51.47,93.7,1280.5
10/23/2017,2030.06,2564.98,51.9,93.94,1280.9
10/24/2017,2031.38,2569.13,52.47,93.77,1278.3
10/25/2017,2023.48,2557.15,52.18,93.71,1279
10/26/2017,2025.69,2560.4,52.64,94.61,1269.6
10/27/2017,2034.6,2581.07,53.9,94.92,1271.8
10/30/2017,2034.59,2572.83,54.15,94.56,1279.8
10/31/2017,2036.8,2575.26,54.38,94.55,1272.4
1/11/2017,2041.17,2275.32,52.25,94.81,1198
7/11/2017,2046.78,2425.53,45.04,94.91,1216.4
8/11/2017,2050.7,2441.32,48.82,94.87,1290.7
9/11/2017,2042.36,2488.11,48.07,94.44,1333.2
10/11/2017,2040.25,2555.24,51.3,94.39,1288.9
11/13/2017,2035.71,2584.84,56.76,94.49,1280.6
11/14/2017,2031.88,2578.87,55.7,93.83,1284.6
11/15/2017,2021.03,2564.62,55.33,93.81,1279.4
11/16/2017,2035.81,2585.64,55.14,93.93,1279.9
11/17/2017,2033.18,2578.85,56.55,93.66,1298.2
11/20/2017,2035.73,2582.14,56.09,94.08,1277.1
11/21/2017,2047.15,2599.03,56.83,93.95,1283.5
11/22/2017,2050.06,2597.08,58.02,93.22,1294.1
11/24/2017,2059.54,2602.42,58.95,92.78,1289.2
11/27/2017,2055.77,2601.42,58.11,92.9,1296.2
11/28/2017,2066.55,2627.04,57.99,93.27,1296.6
11/29/2017,2066.22,2626.07,57.3,93.16,1286.2
11/30/2017,2077.36,2647.58,57.4,93.05,1276.7
1/12/2017,2069.37,2270.44,53.01,92.89,1201.2
4/12/2017,2069.99,2344.93,53.11,93.19,1278.1
5/12/2017,2063.64,2390.9,47.84,93.38,1229.3
6/12/2017,2058.22,2429.39,46.08,93.61,1268.9
7/12/2017,2063.58,2443.25,45.49,93.8,1220.8
12/12/2017,2083.43,2664.11,57.14,94.1,1241.7
12/13/2017,2084.37,2662.85,56.6,93.43,1248.6
12/14/2017,2077.55,2652.01,57.04,93.49,1257.1
12/15/2017,2085.54,2675.81,57.3,93.93,1257.5
12/18/2017,2104.02,2690.16,57.16,93.69,1265.5
12/19/2017,2096.34,2681.47,57.46,93.44,1264.2
12/20/2017,2095.44,2679.25,58.09,93.31,1269.6
12/21/2017,2100.78,2684.57,58.36,93.28,1270.6
12/22/2017,2099.59,2683.34,58.47,93.35,1278.8
12/26/2017,2099.31,2680.5,59.97,93.26,1287.5
12/27/2017,2103.19,2682.62,59.64,93.03,1291.4
12/28/2017,2106.89,2687.54,59.84,92.6,1299.5
12/29/2017,2103.45,2673.61,60.42,92.12,1311.4
2/01/2018,2116.04,2821.98,65.8,91.87,1347.9
3/01/2018,2125.65,2677.67,60.99,92.16,1307.9
5/01/2018,2156.6,2654.8,67.25,91.95,1309.9
8/01/2018,2157.96,2813.36,67.66,92.36,1222.4
10/01/2018,2162.29,2924.59,75.3,92.33,1191.7
11/01/2018,2171.78,2740.37,63.69,91.85,1241.5
01/16/2018,2188.39,2776.42,63.73,90.39,1339.3
01/17/2018,2199.93,2802.56,63.97,90.54,1341.4
01/18/2018,2196.73,2798.03,63.95,90.5,1329.5
01/19/2018,2207.4,2810.3,63.37,90.57,1335.3
01/22/2018,2221.01,2832.97,63.49,90.4,1334.3
01/23/2018,2230.05,2839.13,64.47,90.12,1339
01/24/2018,2232.3,2837.54,65.61,89.21,1358.7
01/25/2018,2234.38,2839.25,65.51,89.39,1365.2
01/26/2018,2248.93,2872.87,66.14,89.07,1354.4
01/29/2018,2234.22,2853.53,65.56,89.31,1342.2
01/30/2018,2214.11,2822.43,64.5,89.16,1340
01/31/2018,2213.24,2823.81,64.73,89.13,1343.1
1/02/2018,2212.53,2695.81,60.37,88.67,1318.3
2/02/2018,2171.54,2762.13,65.45,89.19,1337.3
5/02/2018,2103.64,2635.67,67.93,89.55,1308.6
7/02/2018,2101.07,2726.71,73.94,90.25,1244.6
8/02/2018,2045.01,2827.22,68.96,90.23,1214.9
02/13/2018,2080.68,2662.94,59.19,89.7,1330.4
02/14/2018,2105.86,2698.63,60.6,89.12,1358
02/15/2018,2130.94,2731.2,61.34,88.59,1355.3
02/16/2018,2137.91,2732.22,61.68,89.1,1356.2
02/20/2018,2126.22,2716.26,61.9,89.72,1331.2
02/21/2018,2118.36,2701.33,61.68,90,1332.1
02/22/2018,2117.17,2703.96,62.77,89.74,1332.7
02/23/2018,2140.91,2747.3,63.55,89.88,1330.3
02/26/2018,2159.67,2779.6,63.91,89.85,1332.8
02/27/2018,2140.57,2744.28,63.01,90.36,1321.4
02/28/2018,2117.99,2713.83,61.64,90.61,1320.6
1/03/2018,2089.98,2713.06,61.63,90.32,1320.8
5/03/2018,2106.58,2629.73,68.43,90.08,1315.7
7/03/2018,2115.98,2713.22,74.14,89.64,1256.4
8/03/2018,2125.28,2840.35,68.49,90.18,1218.1
12/03/2018,2154.26,2790.37,52.95,89.89,1239.6
03/13/2018,2144.6,2765.31,60.71,89.66,1329.8
03/14/2018,2134.51,2749.48,60.96,89.7,1328.2
03/15/2018,2133.35,2747.33,61.19,90.14,1320.4
03/16/2018,2134.05,2752.01,62.34,90.23,1314.8
03/19/2018,2110.4,2712.92,62.06,89.77,1320.3
03/20/2018,2110.91,2716.94,63.4,90.37,1314.5
03/21/2018,2109.18,2711.93,65.17,89.78,1324
03/22/2018,2072.94,2643.69,64.3,89.86,1329.8
03/23/2018,2036.55,2588.26,65.88,89.48,1352.4
03/26/2018,2069.13,2658.55,65.55,89.03,1357.6
03/27/2018,2055.55,2612.62,65.25,89.33,1344.7
03/28/2018,2047.75,2605,64.38,90.06,1330
03/29/2018,2065.53,2640.87,64.94,90.15,1327.3
4/04/2018,2061.31,2644.69,63.37,90.14,1340.2
5/04/2018,2080.69,2663.42,69.72,90.46,1317.7
6/04/2018,2052.78,2746.87,64.75,90.11,1297.3
9/04/2018,2061.19,2896.72,69.87,89.84,1196.6
10/04/2018,2090.11,2901.61,74.33,89.59,1201.6
12/04/2018,2090.89,2700.06,53.25,89.75,1246.6
04/13/2018,2088.98,2656.3,67.39,89.8,1347.9
04/16/2018,2099.82,2677.84,66.22,89.42,1350.7
04/17/2018,2116.43,2706.39,66.52,89.52,1349.5
04/18/2018,2123.77,2708.64,68.47,89.62,1353.5
04/19/2018,2115.93,2693.13,68.29,89.94,1348.8
04/20/2018,2099.73,2670.14,68.38,90.32,1338.3
04/23/2018,2097.22,2670.29,68.64,90.95,1324
04/24/2018,2081.52,2634.56,67.7,90.77,1333
04/25/2018,2076.74,2639.4,68.05,91.17,1322.8
04/26/2018,2092.44,2666.94,68.19,91.56,1317.9
04/27/2018,2096.05,2669.91,68.1,91.54,1326.5
04/30/2018,2086.51,2648.05,68.57,91.84,1322.3
1/05/2018,2083.77,2743.15,61.44,92.45,1324.5
2/05/2018,2076.69,2648.94,64.15,92.51,1336.5
3/05/2018,2071.37,2720.94,62.57,92.41,1322.6
4/05/2018,2089.44,2662.84,63.54,92.57,1328.5
7/05/2018,2096.86,2736.61,72.94,92.75,1261.7
9/05/2018,2109.84,2888.6,68.72,93.04,1198.8
10/05/2018,2123.53,2885.57,74.34,92.65,1205.6
11/05/2018,2131.96,2738.31,63.1,92.54,1236.2
05/14/2018,2136.09,2730.13,70.96,92.59,1321.2
05/15/2018,2119.98,2711.45,71.31,93.22,1293.4
05/16/2018,2122.97,2722.46,71.49,93.39,1294.5
05/17/2018,2125.56,2720.13,71.49,93.47,1292.4
05/18/2018,2120.8,2712.97,71.28,93.64,1294.1
05/21/2018,2130.72,2733.01,72.24,93.68,1293.5
05/22/2018,2128.78,2724.44,72.13,93.61,1294.6
05/23/2018,2122.9,2733.29,71.84,94,1292.2
05/24/2018,2117.73,2727.76,70.71,93.76,1307.3
05/25/2018,2110.8,2721.33,67.88,94.19,1306.4
05/29/2018,2083.27,2689.86,66.73,94.83,1301.6
05/30/2018,2100.42,2724.01,68.21,94.15,1306.5
05/31/2018,2092.92,2705.27,67.04,93.98,1304.7
4/06/2018,2121.86,2604.47,62.06,94.02,1336.1
6/06/2018,2136.74,2772.35,64.73,93.66,1301.4
7/06/2018,2137.57,2759.82,73.8,93.4,1258.9
8/06/2018,2137.74,2850.4,69.01,93.55,1212.6
11/06/2018,2144.2,2755.45,62.21,93.58,1230.5
12/06/2018,2145.36,2695.95,51.49,93.8,1243.6
06/13/2018,2140.2,2775.63,66.64,93.71,1301.3
06/14/2018,2142.02,2782.49,66.89,94.77,1308.3
06/15/2018,2134.15,2779.66,65.06,94.79,1278.5
06/18/2018,2125.79,2773.75,65.85,94.8,1280.1
06/19/2018,2111.44,2762.59,65.07,95.08,1278.6
06/20/2018,2117.76,2767.32,66.22,95.06,1274.5
06/21/2018,2105.93,2749.76,65.54,94.74,1270.5
06/22/2018,2114.9,2754.88,68.58,94.52,1270.7
06/25/2018,2085.59,2717.07,68.08,94.28,1268.9
06/26/2018,2088.41,2723.06,70.53,94.66,1259.9
06/27/2018,2076.3,2699.63,72.76,95.27,1256.1
06/28/2018,2079.62,2716.31,73.45,95.39,1253.8
06/29/2018,2089.3,2718.37,74.15,94.64,1257.3
2/07/2018,2082.08,2681.66,61.79,95.03,1314.6
3/07/2018,2082.05,2726.8,61.15,94.67,1330.3
5/07/2018,2096.19,2672.63,70.73,94.47,1317.2
6/07/2018,2113.74,2770.37,65.95,94.04,1303
9/07/2018,2131.14,2871.68,67.75,94.08,1197.8
11/07/2018,2117.3,2813.89,61.67,94.72,1233.1
12/07/2018,2130.86,2633.08,52.61,94.81,1252.6
07/13/2018,2134.6,2801.31,71.01,94.75,1243.8
07/16/2018,2132.79,2798.43,68.06,94.51,1242.2
07/17/2018,2138.15,2809.55,68.08,94.94,1229.9
07/18/2018,2142.24,2815.62,68.76,95.08,1230.5
07/19/2018,2134.84,2804.49,69.46,95.15,1226.5
07/20/2018,2139.17,2801.83,70.46,94.45,1233.6
07/23/2018,2139.44,2806.98,67.89,94.67,1228
07/24/2018,2151.08,2820.4,68.52,94.61,1228.2
07/25/2018,2161.76,2846.07,69.3,94.36,1234.5
07/26/2018,2161.93,2837.44,69.61,94.75,1228.6
07/27/2018,2156.11,2818.82,68.69,94.67,1226.5
07/30/2018,2148.25,2802.6,70.13,94.32,1226.4
07/31/2018,2153.1,2816.29,68.76,94.49,1228.5
1/08/2018,2149.36,2747.71,61.73,94.62,1322.7
2/08/2018,2147.58,2581,61.15,95.16,1319
3/08/2018,2155.39,2738.97,60.12,95.14,1324.4
6/08/2018,2157.34,2779.03,65.74,95.36,1302.7
8/08/2018,2166.15,2857.7,66.94,95.05,1216.2
10/08/2018,2139.84,2884.43,74.29,96.36,1188.6
08/13/2018,2127.47,2821.93,67.2,96.39,1194.2
08/14/2018,2137.36,2839.96,67.04,96.73,1196.1
08/15/2018,2115.7,2818.37,65.01,96.7,1180.5
08/16/2018,2131.05,2840.69,65.46,96.64,1179.6
08/17/2018,2138.11,2850.13,65.91,96.1,1179.8
08/20/2018,2145.24,2857.05,66.43,95.9,1190.2
08/21/2018,2151.79,2862.96,67.35,95.26,1195.5
08/22/2018,2155.99,2861.82,67.86,95.15,1198.7
08/23/2018,2149.22,2856.98,67.83,95.67,1189.3
08/24/2018,2161.61,2874.69,68.72,95.15,1208.6
08/27/2018,2179.95,2896.74,68.87,94.78,1211.2
08/28/2018,2182.5,2897.52,68.53,94.72,1209.5
08/29/2018,2190.75,2914.04,69.51,94.6,1206.5
08/30/2018,2181.56,2901.13,70.25,94.72,1202.5
08/31/2018,2175.5,2901.52,69.8,95.14,1204.1
3/09/2018,2173.42,2786.57,62.04,95.14,1326.7
4/09/2018,2162.83,2613.16,63.42,95.44,1340.1
5/09/2018,2152.77,2697.79,71.14,95.18,1316.1
7/09/2018,2137.6,2784.17,73.85,95.36,1262.8
10/09/2018,2142.64,2880.34,74.96,95.15,1191.5
11/09/2018,2147.67,2781.01,60.19,95.25,1212.6
09/13/2018,2162.68,2904.18,68.59,94.52,1205.5
09/14/2018,2166.59,2904.98,68.99,94.93,1198.6
09/17/2018,2160.53,2888.8,68.91,94.5,1203.4
09/18/2018,2172.27,2904.31,69.85,94.64,1200.7
09/19/2018,2177.74,2907.95,71.12,94.54,1206.1
09/20/2018,2195.68,2930.75,70.8,93.91,1208.9
09/21/2018,2200.01,2929.67,70.78,94.22,1198.6
09/24/2018,2193.01,2919.37,72.08,94.19,1201.7
09/25/2018,2194.2,2915.56,72.28,94.13,1202.5
09/26/2018,2189.31,2905.97,71.57,94.19,1196.9
09/27/2018,2188.71,2914,72.12,94.89,1187.4
09/28/2018,2184.01,2913.98,73.25,95.13,1196.2
1/10/2018,2188.18,2748.23,63.57,95.3,1321.6
4/10/2018,2165.43,2656.87,65.51,95.75,1345.9
5/10/2018,2151.42,2723.07,71.36,95.62,1325.3
8/10/2018,2143.56,2833.28,67.63,95.76,1214.2
9/10/2018,2138.46,2877.13,67.54,95.67,1197.2
10/10/2018,2089.1,2785.68,73.17,95.51,1193.4
12/10/2018,2063.43,2637.72,51,95.22,1249.4
10/15/2018,2055.11,2750.79,71.78,95.06,1230.3
10/16/2018,2091.21,2809.92,71.92,95.05,1231
10/17/2018,2089.5,2809.21,69.75,95.58,1227.4
10/18/2018,2064.47,2768.78,68.65,95.9,1230.1
10/19/2018,2062.33,2767.78,69.12,95.71,1228.7
10/22/2018,2053.44,2755.88,69.17,96.01,1224.6
10/23/2018,2033.89,2740.69,66.43,95.96,1236.8
10/24/2018,1988.62,2656.1,66.82,96.43,1231.1
10/25/2018,2006.27,2705.57,67.33,96.68,1232.4
10/26/2018,1981.89,2658.69,67.59,96.36,1235.8
10/29/2018,1975.7,2641.25,67.04,96.58,1227.6
10/30/2018,1997.19,2682.63,66.18,97.01,1228.3
10/31/2018,2021.98,2711.74,65.31,97.13,1218
1/11/2018,2040.93,2767.56,63.8,96.28,1324.7
5/11/2018,2040.68,2727.72,70.7,96.28,1323.8
6/11/2018,2050.65,2782,66.1,96.32,1303.2
7/11/2018,2084.45,2774.02,70.38,96,1247.4
9/11/2018,2063.16,2887.89,69.25,96.91,1199.5
12/11/2018,2028.62,2636.78,51.65,97.54,1247.2
11/13/2018,2026.52,2722.18,55.69,97.3,1205.1
11/14/2018,2015.14,2701.58,56.25,96.8,1213.8
11/15/2018,2026.3,2730.2,56.46,96.93,1218.6
11/16/2018,2031.76,2736.27,56.46,96.47,1226.4
11/19/2018,2009.61,2690.73,56.76,96.19,1228.6
11/20/2018,1976.91,2641.89,53.43,96.84,1224.4
11/21/2018,1984.73,2649.93,54.63,96.71,1231.2
11/23/2018,1975.09,2632.56,50.42,96.92,1226.6
11/26/2018,1999.2,2673.45,51.63,97.07,1226.1
11/27/2018,2000.07,2682.17,51.56,97.37,1217.1
11/28/2018,2029.78,2743.79,50.29,96.79,1227.2
11/29/2018,2034.89,2737.76,51.45,96.78,1230.4
11/30/2018,2041.36,2760.17,50.93,97.27,1226
3/12/2018,2066.62,2783.02,61.36,97.04,1323.5
4/12/2018,2016.89,2663.99,67.07,96.97,1341.9
6/12/2018,1990.85,2786.85,66.36,96.81,1299.4
7/12/2018,1965.24,2798.29,70.33,96.51,1249.1
10/12/2018,1952.83,2767.13,71.34,97.22,1222
11/12/2018,1954.65,2726.22,59.93,97.39,1207.3
12/12/2018,1975.88,2651.07,51.15,97.04,1250
12/13/2018,1974.41,2650.54,52.58,97.06,1247.4
12/14/2018,1942.55,2599.95,51.2,97.44,1241.4
12/17/2018,1914.33,2545.94,49.88,97.1,1251.8
12/18/2018,1908.16,2546.16,46.24,97.1,1253.6
12/19/2018,1892.71,2506.96,47.2,97.03,1256.4
12/20/2018,1862.82,2467.42,45.88,96.28,1267.9
12/21/2018,1834.97,2416.62,45.59,96.96,1258.1
12/24/2018,1802.95,2351.1,42.53,96.55,1271.8
12/26/2018,1850.7,2467.7,46.22,97.05,1273
12/27/2018,1862.38,2488.83,44.61,96.48,1281.1
12/28/2018,1870.8,2485.74,45.33,96.4,1286.1
12/31/2018,1883.9,2506.85,45.41,96.17,1284.5
2/01/2019,1881.15,2706.53,55.26,96.82,1322.1
3/01/2019,1853.18,2803.69,55.8,96.31,1302.5
4/01/2019,1904.18,2867.19,61.59,96.18,1294.2
7/01/2019,1919.75,2964.33,59.09,95.67,1392.4
8/01/2019,1935.79,2953.56,53.95,95.9,1426.5
10/01/2019,1957.69,2940.25,53.62,95.54,1489
11/01/2019,1957.17,3066.91,56.2,95.67,1514.9
01/14/2019,1948.16,2582.61,50.51,95.61,1294.7
01/15/2019,1963.61,2610.3,52.11,96.04,1291.4
01/16/2019,1966.5,2616.1,52.31,96.06,1296.6
01/17/2019,1975.61,2635.96,52.07,96.06,1295.2
01/18/2019,2000.76,2670.71,53.8,96.34,1284.8
01/22/2019,1978.83,2632.9,52.57,96.3,1285.8
01/23/2019,1980.15,2638.7,52.62,96.12,1286.8
01/24/2019,1983.23,2642.33,53.13,96.6,1282.3
01/25/2019,2001.86,2664.76,53.69,95.79,1300.7
01/28/2019,1989.18,2643.85,51.99,95.75,1305.9
01/29/2019,1989.6,2640,53.31,95.82,1312.1
01/30/2019,2010.95,2681.05,54.23,95.34,1315.5
01/31/2019,2028.49,2704.1,53.79,95.58,1325.2
1/02/2019,2029.55,2510.03,46.54,95.58,1287.3
4/02/2019,2037.76,2867.24,62.58,95.85,1295.4
5/02/2019,2051.36,2917.52,61.81,96.07,1275
7/02/2019,2026.94,2973.01,56.25,96.51,1411.2
8/02/2019,2020.53,2932.05,55.66,96.64,1451.6
12/02/2019,2045.12,3113.87,55.96,96.71,1469.2
02/13/2019,2052.76,2753.03,53.9,97.13,1315.1
02/14/2019,2047.56,2745.73,54.41,96.98,1313.9
02/15/2019,2066.58,2775.6,55.59,96.9,1322.1
02/19/2019,2075.91,2779.76,56.09,96.52,1344.8
02/20/2019,2083.64,2784.7,56.92,96.45,1347.9
02/21/2019,2077.44,2774.88,56.96,96.61,1327.8
02/22/2019,2086.97,2792.67,57.26,96.51,1332.8
02/25/2019,2091.83,2796.11,55.48,96.41,1329.5
02/26/2019,2091.7,2793.9,55.5,96,1328.5
02/27/2019,2092.12,2792.38,56.94,96.15,1325
02/28/2019,2085.84,2784.49,57.22,96.16,1319.4
1/03/2019,2096.35,2447.89,47.09,96.53,1298.4
4/03/2019,2090.4,2873.4,62.46,96.68,1295.3
5/03/2019,2087.5,2945.64,61.94,96.87,1284.3
6/03/2019,2078.69,2744.45,53.25,96.87,1327.9
7/03/2019,2061.41,2995.82,57.34,97.67,1424.2
12/03/2019,2083.38,3093.2,56.1,96.94,1484.4
03/13/2019,2095.67,2810.92,58.26,96.55,1312.5
03/14/2019,2096.32,2808.48,58.61,96.78,1298.5
03/15/2019,2108.78,2822.48,58.52,96.59,1305.8
03/18/2019,2117.99,2832.94,59.09,96.52,1304.6
03/19/2019,2121.47,2832.57,59.03,96.38,1309.6
03/20/2019,2112.05,2824.23,59.83,95.76,1304.7
03/21/2019,2127.93,2854.88,59.98,96.5,1310.6
03/22/2019,2094.81,2800.71,59.04,96.65,1315.4
03/25/2019,2087.06,2798.36,58.82,96.57,1325.4
03/26/2019,2102.62,2818.46,59.94,96.74,1318.3
03/27/2019,2094.02,2805.37,59.41,96.77,1313.9
03/28/2019,2095.18,2815.44,59.3,97.2,1295.3
03/29/2019,2107.74,2834.4,60.14,97.28,1298.5
1/04/2019,2131.79,2531.94,47.96,97.23,1289.2
2/04/2019,2131.71,2724.87,54.56,97.36,1319.3
3/04/2019,2143.02,2792.81,56.59,97.09,1290.5
4/04/2019,2142.75,2879.39,62.1,97.31,1294.3
9/04/2019,2143.2,2937.78,56.26,97.01,1557.2
10/04/2019,2147.99,2952.01,52.81,96.95,1512.9
11/04/2019,2147.61,3078.27,56.54,97.18,1514.7
12/04/2019,2159.39,3112.76,58.43,96.97,1480.2
04/15/2019,2161.14,2905.58,63.4,96.94,1291.3
04/16/2019,2163.08,2907.06,64.05,97.04,1277.2
04/17/2019,2160.94,2900.45,63.76,97.01,1276.8
04/18/2019,2160.21,2905.03,64,97.47,1276
04/22/2019,2161.58,2907.97,65.7,97.29,1277.6
04/23/2019,2174.39,2933.68,66.3,97.64,1273.2
04/24/2019,2168.81,2927.25,65.89,98.17,1279.4
04/25/2019,2165.36,2926.17,65.21,98.2,1279.7
04/26/2019,2173.82,2939.88,63.3,98.01,1288.8
04/29/2019,2175.59,2943.03,63.5,97.86,1284.5
04/30/2019,2178.67,2945.83,63.91,97.48,1288.6
2/05/2019,2161.11,2737.7,53.66,97.83,1319.2
3/05/2019,2177.77,2789.65,56.56,97.52,1287.8
6/05/2019,2166.66,2826.15,51.68,97.52,1333.6
7/05/2019,2135.49,2990.41,57.51,97.63,1403.4
8/05/2019,2131.9,2844.74,54.69,97.62,1470.6
9/05/2019,2119.31,2976,56.3,97.37,1522.5
05/13/2019,2086.46,2811.87,61.04,97.32,1304.7
05/14/2019,2098.76,2834.41,61.78,97.53,1299
05/15/2019,2110.4,2850.96,62.02,97.57,1300.5
05/16/2019,2126.06,2876.32,62.87,97.86,1289.4
05/17/2019,2116.5,2859.53,62.76,98,1278.9
05/20/2019,2104.64,2840.23,63.1,97.93,1280.3
05/21/2019,2117.66,2864.36,62.99,98.06,1276.2
05/22/2019,2111.78,2856.27,61.42,98.04,1277.1
05/23/2019,2087.46,2822.24,57.91,97.86,1288.4
05/24/2019,2095.03,2826.06,58.63,97.61,1286.4
05/28/2019,2084.57,2802.39,59.14,97.95,1280.1
05/29/2019,2064.8,2783.02,58.81,98.14,1283.7
05/30/2019,2066.48,2788.86,56.59,98.14,1292.4
05/31/2019,2046.25,2752.06,53.5,97.75,1311.1
3/06/2019,2045.06,2771.45,56.22,97.14,1290.8
5/06/2019,2095.83,2932.47,62.25,97.32,1286.9
6/06/2019,2104.18,2843.49,52.59,97.04,1342.7
11/06/2019,2139.74,3076.78,56.35,96.69,1496.8
12/06/2019,2134.42,3145.91,59.2,97,1465.1
06/13/2019,2136.96,2891.64,52.28,97.01,1343.7
06/14/2019,2130.95,2886.98,52.51,97.57,1344.5
06/17/2019,2130.86,2889.67,51.93,97.56,1342.9
06/18/2019,2150.91,2917.75,53.9,97.64,1350.7
06/19/2019,2161.6,2926.46,53.76,97.12,1348.8
06/20/2019,2183.36,2954.18,56.65,96.63,1396.9
06/21/2019,2178.16,2950.46,57.43,96.22,1400.1
06/24/2019,2178.17,2945.35,57.9,95.98,1418.2
06/25/2019,2163.73,2917.38,57.83,96.14,1418.7
06/26/2019,2158.41,2913.78,59.38,96.21,1415.4
06/27/2019,2166.48,2924.92,59.43,96.19,1414.9
06/28/2019,2178.35,2941.76,58.47,96.13,1416.7
1/07/2019,2192.24,2549.69,48.52,96.84,1293.3
2/07/2019,2198.55,2706.05,52.64,96.73,1314.2
3/07/2019,2213.35,2748.93,56.66,96.77,1289.4
5/07/2019,2205.57,2884.05,61.4,97.29,1288.6
8/07/2019,2194.62,2883.98,51.09,97.38,1513.2
10/07/2019,2201.14,2938.79,52.75,97.1,1504.4
11/07/2019,2205.35,3085.18,57.15,97.05,1469.9
07/15/2019,2214.34,3014.3,59.58,96.93,1417.3
07/16/2019,2208.09,3004.04,57.62,97.39,1415
07/17/2019,2197.94,2984.42,56.78,97.22,1427.2
07/18/2019,2198.4,2995.11,55.3,96.79,1431.9
07/19/2019,2194.61,2976.61,55.63,97.15,1430.1
07/22/2019,2197.67,2985.03,56.22,97.26,1430.7
07/23/2019,2209.59,3005.47,56.77,97.7,1425.5
07/24/2019,2217.75,3019.56,55.88,97.73,1427.4
07/25/2019,2206.92,3003.67,56.02,97.82,1418
07/26/2019,2215.71,3025.86,56.2,98.01,1423.5
07/29/2019,2212.5,3020.97,56.87,98.04,1424.3
07/30/2019,2203.4,3013.18,58.05,98.05,1435.8
07/31/2019,2187.56,2980.38,58.58,98.52,1431.8
1/08/2019,2173.18,2574.41,49.78,98.37,1289.3
2/08/2019,2149.99,2707.88,52.72,98.07,1318.5
5/08/2019,2097.32,2879.42,62.12,97.52,1284.4
7/08/2019,2114.05,2975.95,57.66,97.54,1403.3
8/08/2019,2146.91,2938.09,52.54,97.62,1503.1
08/13/2019,2134.54,2926.32,57.1,97.81,1507.9
08/14/2019,2086.26,2840.6,55.23,97.99,1521.6
08/15/2019,2082.84,2847.6,54.47,98.14,1525.1
08/16/2019,2108.5,2888.68,54.87,98.14,1517.5
08/19/2019,2131.81,2923.65,56.21,98.35,1505.5
08/20/2019,2119.57,2900.51,56.34,98.19,1509.7
08/21/2019,2135.52,2924.43,55.68,98.3,1509.6
08/22/2019,2131.68,2922.95,55.35,98.17,1502.3
08/23/2019,2094.63,2847.11,54.17,97.64,1531.4
08/26/2019,2105.22,2878.38,53.64,98.08,1530.9
08/27/2019,2104.85,2869.16,54.93,98,1545.6
08/28/2019,2111.92,2887.94,55.78,98.21,1542.8
08/29/2019,2133.08,2924.58,56.71,98.51,1533.7
08/30/2019,2138.52,2926.46,55.1,98.92,1526.2
4/09/2019,2149.8,2878.2,63.98,98.45,1308.3
5/09/2019,2174.27,2870.72,61.7,98.41,1288.2
9/09/2019,2178.41,2978.43,57.85,98.28,1508.1
10/09/2019,2179.43,2919.4,52.59,98.33,1512.8
12/09/2019,2201.81,3135.96,59.02,98.31,1464.9
09/13/2019,2205.81,3007.39,54.85,98.26,1496.8
09/16/2019,2195.88,2997.96,62.9,98.61,1508.7
09/17/2019,2201.77,3005.7,59.34,98.26,1510.8
09/18/2019,2201.02,3006.73,58.11,98.56,1513
09/19/2019,2204.67,3006.79,58.13,98.27,1503.4
09/20/2019,2197.55,2992.07,58.09,98.51,1512
09/23/2019,2193.74,2991.78,58.64,98.6,1527.8
09/24/2019,2182.07,2966.6,57.29,98.34,1536.6
09/25/2019,2184.56,2984.87,56.49,99.04,1508.9
09/26/2019,2183.46,2977.62,56.41,99.13,1511.7
09/27/2019,2175.54,2961.79,55.91,99.11,1506.4
09/30/2019,2180.02,2976.74,54.07,99.38,1472.9
1/10/2019,2158.47,2596.64,52.59,99.13,1290.8
4/10/2019,2153.83,2888.21,64.61,98.81,1313.9
7/10/2019,2151.82,2993.07,60.43,98.97,1415.8
9/10/2019,2137.62,2979.39,57.4,99.12,1496.4
10/10/2019,2150.16,2938.13,53.55,98.7,1500.9
10/14/2019,2175.28,2966.15,53.59,98.45,1497.6
10/15/2019,2196.61,2995.68,52.81,98.29,1483.5
10/16/2019,2195.35,2989.69,53.36,98,1494
10/17/2019,2201.92,2997.95,53.93,97.61,1498.3
10/18/2019,2195.28,2986.2,53.78,97.28,1494.1
10/21/2019,2209.34,3006.72,53.31,97.33,1488.1
10/22/2019,2204.29,2995.99,54.16,97.53,1487.5
10/23/2019,2208.28,3004.52,55.97,97.49,1495.7
10/24/2019,2215.64,3010.29,56.23,97.63,1504.7
10/25/2019,2222.75,3022.55,56.66,97.83,1505.3
10/28/2019,2231.4,3039.42,55.81,97.76,1495.8
10/29/2019,2232.45,3036.89,55.54,97.69,1490.7
10/30/2019,2237.31,3046.77,55.06,97.65,1500.2
10/31/2019,2233.53,3037.56,54.18,97.35,1518.3
1/11/2019,2252.07,2596.26,51.59,97.24,1292.9
4/11/2019,2261.45,2888.32,63.58,97.5,1293.3
6/11/2019,2261.37,2885.72,53.27,97.95,1331.2
7/11/2019,2266.69,2999.91,60.2,98.14,1410
11/11/2019,2266.36,3087.01,56.86,98.2,1460.6
12/11/2019,2270.01,3141.63,58.76,98.31,1475
11/13/2019,2268.33,3094.04,57.12,98.37,1466.8
11/14/2019,2265.29,3096.63,56.77,98.16,1476.9
11/15/2019,2282.8,3120.46,57.72,98,1472
11/18/2019,2285.76,3122.03,57.05,97.79,1475.4
11/19/2019,2284.85,3120.18,55.21,97.86,1477.8
11/20/2019,2274.92,3108.46,57.11,97.93,1477.5
11/21/2019,2270.36,3103.54,58.58,97.99,1467.1
11/22/2019,2273.89,3110.29,57.77,98.27,1467.3
11/25/2019,2290.65,3133.64,58.01,98.32,1460.5
11/26/2019,2294.78,3140.52,58.41,98.25,1464.4
11/27/2019,2302.67,3153.63,58.11,98.37,1460.8
11/29/2019,2292.26,3140.98,55.17,98.27,1472.7
2/12/2019,2276.4,2744.73,53.1,97.86,1314
3/12/2019,2263.1,2791.52,56.87,97.74,1301.2
4/12/2019,2275.47,2907.41,63.89,97.65,1295.2
6/12/2019,2296.39,2879.84,51.14,97.7,1336.8
9/12/2019,2292.58,3009.57,55.09,97.64,1504.8
11/12/2019,2295.02,3091.84,56.8,97.08,1457.2
12/12/2019,2309.36,3168.57,59.18,97.4,1472.3
12/13/2019,2319.73,3168.8,60.07,97.17,1481.2
12/16/2019,2337.45,3191.45,60.21,97.02,1480.5
12/17/2019,2336.62,3192.52,60.94,97.22,1480.6
12/18/2019,2333.28,3191.14,60.93,97.4,1478.7
12/19/2019,2340.65,3205.37,61.22,97.38,1484.4
12/20/2019,2349.87,3221.22,60.44,97.69,1480.9
12/23/2019,2350.75,3224.01,60.52,97.66,1488.7
12/24/2019,2351.84,3223.38,61.11,97.65,1504.8
12/26/2019,2360.21,3239.91,61.68,97.53,1514.4
12/27/2019,2364.9,3240.02,61.72,96.92,1518.1
12/30/2019,2353.25,3221.29,61.68,96.74,1521.6
12/31/2019,2358.47,3230.78,61.06,96.39,1526.5
6/01/2020,2364.49,3055.73,35.44,96.67,1750.3
7/01/2020,2362.43,3115.86,39.82,97,1785.9
9/01/2020,2379.85,3526.65,42.76,97.45,1974.8
10/01/2020,2377.62,3380.8,38.72,97.36,1916.3
01/13/2020,2388.25,3288.13,58.08,97.34,1553.7
01/14/2020,2388.5,3283.15,58.23,97.37,1548
01/15/2020,2392.06,3289.29,57.81,97.23,1557.2
01/16/2020,2406.17,3316.81,58.52,97.32,1553.7
01/17/2020,2415.51,3329.62,58.54,97.64,1563.6
01/21/2020,2409.29,3320.79,58.34,97.53,1560.8
01/22/2020,2410.23,3321.75,56.74,97.53,1560
01/23/2020,2406.14,3325.54,55.59,97.69,1568.8
01/24/2020,2395.31,3295.47,54.19,97.85,1575.2
01/27/2020,2356.09,3243.63,53.14,97.96,1580.6
01/28/2020,2372.52,3276.24,53.48,98.02,1572.8
01/29/2020,2373.52,3273.4,53.33,97.99,1573.5
01/30/2020,2372.01,3283.66,52.14,97.87,1589.2
01/31/2020,2342.41,3225.52,51.56,97.39,1587.9
3/02/2020,2351.45,3090.23,46.75,97.8,1597.1
4/02/2020,2383.3,2526.9,25.32,97.96,1637.7
6/02/2020,2416.48,3080.82,36.81,98.5,1734
7/02/2020,2404.75,3130.01,40.65,98.68,1795.8
10/02/2020,2413.1,3348.44,37.05,98.83,1907.6
11/02/2020,2421.26,3310.24,36.81,98.72,1895.7
12/02/2020,2434.95,3669.01,45.28,99.05,1830.2
02/13/2020,2429.89,3373.94,51.42,99.07,1578.8
02/14/2020,2431.37,3380.16,52.05,99.12,1586.4
02/18/2020,2421.47,3370.29,52.05,99.44,1603.6
02/19/2020,2431.22,3386.15,53.29,99.71,1611.8
02/20/2020,2420.21,3373.23,53.78,99.86,1620.5
02/21/2020,2402.8,3337.75,53.38,99.26,1648.8
02/24/2020,2330.75,3225.89,51.43,99.36,1676.6
02/25/2020,2269.42,3128.21,49.9,98.97,1650
02/26/2020,2258.62,3116.39,48.73,99,1643.1
02/27/2020,2177.25,2978.76,47.09,98.51,1645.3
02/28/2020,2141.12,2954.22,44.76,98.13,1569.3
2/03/2020,2212.38,3248.92,50.11,97.36,1582.4
3/03/2020,2179.48,3003.37,47.18,97.15,1646.6
4/03/2020,2243.09,2488.65,28.34,97.34,1645.7
6/03/2020,2149.29,3122.87,37.29,95.95,1704.8
9/03/2020,1995.22,3455.06,41.37,94.89,1933.8
11/03/2020,1972.04,3369.16,37.66,96.51,1914
12/03/2020,1776.52,3666.72,45.64,97.47,1841.1
03/13/2020,1881.64,2711.02,31.73,98.75,1518.2
03/16/2020,1702.79,2386.13,28.7,98.07,1487.6
03/17/2020,1772.93,2529.19,26.95,99.57,1527.2
03/18/2020,1682.25,2398.1,20.37,101.16,1479.4
03/19/2020,1694.45,2409.39,25.22,102.75,1481.3
03/20/2020,1650.94,2304.92,22.43,102.82,1486.5
03/23/2020,1602.11,2237.4,23.36,102.49,1570.2
03/24/2020,1742.61,2447.33,24.01,102.04,1664
03/25/2020,1785.99,2475.56,24.49,101.05,1636.6
03/26/2020,1875.56,2630.07,22.6,99.35,1656
03/27/2020,1827.17,2541.47,21.51,98.36,1641.3
03/30/2020,1870.48,2626.65,20.09,99.18,1643.2
03/31/2020,1852.73,2584.59,20.48,99.05,1596.6
2/04/2020,1803.07,3297.59,49.61,100.18,1555.5
3/04/2020,1776.86,3130.12,46.78,100.58,1645.2
6/04/2020,1881.48,3112.35,37.41,100.68,1727.4
8/04/2020,1940.08,3306.51,41.7,100.12,2008.5
9/04/2020,1970.67,3426.96,39.77,99.52,1930.6
04/13/2020,1956.75,2761.63,22.41,99.35,1761.4
04/14/2020,2006.81,2846.06,20.11,98.89,1768.9
04/15/2020,1960.2,2783.36,19.87,99.46,1740.2
04/16/2020,1964.33,2799.55,19.87,100.03,1731.7
04/17/2020,2017.51,2874.56,18.27,99.78,1698.8
04/20/2020,1994.03,2823.16,-37.63,99.96,1711.2
04/21/2020,1932.25,2736.56,10.01,100.26,1687.8
04/22/2020,1968.27,2799.31,13.78,100.39,1738.3
04/23/2020,1974.38,2797.8,16.5,100.43,1745.4
04/24/2020,1987.65,2836.74,16.94,100.38,1735.6
04/27/2020,2022.49,2878.48,12.78,100.04,1723.8
04/28/2020,2023.35,2863.39,12.34,99.86,1722.2
04/29/2020,2070.76,2939.51,15.06,99.57,1716.3
04/30/2020,2052.85,2912.43,18.84,99.02,1697.1
5/05/2020,2018.11,2868.44,24.56,99.71,1715
6/05/2020,2007.6,3193.93,39.55,100.09,1683
8/05/2020,2061.89,3327.77,42.19,99.73,2037.1
11/05/2020,2060.7,3510.45,38.79,100.24,1950.2
05/13/2020,1998.48,2820,25.29,100.24,1721.6
05/14/2020,1999.89,2852.5,27.56,100.47,1746.1
05/15/2020,2008.41,2863.7,29.43,100.4,1761.5
05/18/2020,2069,2953.91,31.82,99.67,1739.6
05/19/2020,2061.37,2922.94,32.5,99.37,1751.6
05/20/2020,2092.03,2971.61,33.49,99.12,1758.7
05/21/2020,2074.1,2948.51,33.92,99.37,1729.2
05/22/2020,2071.9,2955.45,33.25,99.86,1744.3
05/26/2020,2114.27,2991.77,34.35,98.91,1717.3
05/27/2020,2136.9,3036.13,32.81,99.06,1719.1
05/28/2020,2148.33,3029.73,33.71,98.38,1728.3
05/29/2020,2147.88,3044.31,35.49,98.34,1751.7
1/06/2020,2163.92,3246.28,63.27,97.83,1572
2/06/2020,2187.09,3345.78,50.95,97.67,1570
3/06/2020,2222.54,2972.37,41.28,97.28,1674.3
4/06/2020,2218.5,2663.68,26.08,96.68,1693.9
5/06/2020,2266.76,2848.42,23.99,96.94,1692.7
8/06/2020,2288.04,3349.16,41.95,96.62,2058.4
10/06/2020,2267.36,3360.95,40.67,95.96,1908.8
11/06/2020,2154.44,3509.44,37.14,96.73,1955.3
06/15/2020,2171.44,3066.59,37.12,96.71,1727.2
06/16/2020,2219.1,3124.74,38.38,96.96,1736.5
06/17/2020,2217.9,3113.49,37.96,97.16,1735.6
06/18/2020,2215.64,3115.34,38.84,97.42,1731.1
06/19/2020,2208.97,3097.74,39.75,97.62,1753
06/22/2020,2217.82,3117.86,40.46,97.04,1766.4
06/23/2020,2236.04,3131.29,40.37,96.65,1782
06/24/2020,2180.12,3050.33,38.01,97.15,1775.1
06/25/2020,2193.4,3083.76,38.72,97.43,1770.6
06/26/2020,2157.19,3009.05,38.49,97.43,1780.3
06/29/2020,2176.44,3053.24,39.7,97.54,1785.9
06/30/2020,2201.79,3100.29,39.27,97.39,1805.2
1/07/2020,2211.27,3237.18,62.7,97.2,1577.6
2/07/2020,2227.65,3327.71,50.32,97.32,1573.4
7/07/2020,2243.17,3145.32,40.62,96.88,1815.8
8/07/2020,2252.64,3351.28,41.22,96.43,2018
10/07/2020,2259.6,3419.45,39.95,96.65,1890.8
07/13/2020,2253.76,3155.22,40.1,96.46,1820.8
07/14/2020,2270.69,3197.52,40.29,96.26,1819.8
07/15/2020,2298.78,3226.56,41.2,96.08,1820.5
07/16/2020,2288.81,3215.57,40.75,96.35,1806.3
07/17/2020,2293.92,3224.73,40.59,95.94,1816
07/20/2020,2312.95,3251.84,40.81,95.83,1822.2
07/21/2020,2321.55,3257.3,41.96,95.12,1848.7
07/22/2020,2327.76,3276.02,41.9,94.99,1869.9
07/23/2020,2308.12,3235.66,41.07,94.69,1894.8
07/24/2020,2291.58,3215.63,41.29,94.43,1902.5
07/27/2020,2311.62,3239.41,41.6,93.67,1936.2
07/28/2020,2299.91,3218.44,41.04,93.7,1949.9
07/29/2020,2319.71,3258.44,41.27,93.45,1959.4
07/30/2020,2304.01,3246.22,39.92,93.02,1955.2
07/31/2020,2304.98,3271.12,40.27,93.35,1973.9
4/08/2020,2336.82,2749.98,25.09,93.38,1684.3
5/08/2020,2355.94,2929.8,24.74,92.87,1719.3
6/08/2020,2359.89,3232.39,38.19,92.79,1705.1
7/08/2020,2355.97,3169.94,40.9,93.43,1826.5
10/08/2020,2360.87,3446.83,41.19,93.58,1895.1
12/08/2020,2391.8,3702.25,45.6,93.44,1874.9
08/13/2020,2390.08,3373.43,42.24,93.33,1961.9
08/14/2020,2384.2,3372.85,42.01,93.1,1942.3
08/17/2020,2393.97,3381.99,42.89,92.85,1989.9
08/18/2020,2399.37,3389.78,42.89,92.27,2004.8
08/19/2020,2394.47,3374.85,42.93,92.89,1963.5
08/20/2020,2389.15,3385.51,42.58,92.79,1938.3
08/21/2020,2392.11,3397.16,42.34,93.25,1938.3
08/24/2020,2417.05,3431.28,42.62,93.3,1931.5
08/25/2020,2422.95,3443.62,43.35,93.02,1915.6
08/26/2020,2446.05,3478.73,43.39,93.01,1944.1
08/27/2020,2442.79,3484.55,43.04,93,1925
08/28/2020,2456.86,3508.01,42.97,92.37,1970.8
08/31/2020,2455.51,3500.31,42.61,92.14,1974.5
1/09/2020,2467.25,3274.7,59.56,92.34,1557.8
3/09/2020,2425.78,2746.56,31.13,92.74,1677.4
4/09/2020,2399.6,2789.82,22.76,92.72,1752.8
7/09/2020,2408.05,3152.05,39.62,92.72,1810.7
9/09/2020,2393.75,3398.96,38.05,93.25,1950.4
10/09/2020,2367.8,3477.13,40.6,93.34,1926.2
11/09/2020,2368.14,3550.5,40.29,93.33,1860.1
09/14/2020,2396.37,3383.54,37.26,93.05,1958.8
09/15/2020,2407.97,3401.2,38.28,93.05,1961.9
09/16/2020,2403.5,3385.49,40.16,93.21,1966.2
09/17/2020,2383.54,3357.01,40.97,92.97,1945.4
09/18/2020,2367.99,3319.47,41.11,92.93,1957.5
09/21/2020,2329.49,3281.06,39.31,93.66,1906.2
09/22/2020,2343.39,3315.57,39.6,93.99,1903.4
09/23/2020,2305.57,3236.92,39.93,94.39,1864.5
09/24/2020,2300.3,3246.59,40.31,94.35,1873
09/25/2020,2326.85,3298.46,40.25,94.64,1862.2
09/28/2020,2366.41,3351.6,40.6,94.28,1877.6
09/29/2020,2359.63,3335.47,39.29,93.89,1903.2
09/30/2020,2367.27,3363,40.22,93.89,1895.5
1/10/2020,2380.02,3265.35,59.04,93.71,1563.6
2/10/2020,2362.41,3352.09,49.57,93.84,1579.5
6/10/2020,2382.57,3190.14,39.6,93.69,1720.7
7/10/2020,2409.39,3185.04,40.55,93.63,1808.6
8/10/2020,2427.36,3360.47,41.94,93.61,2030.3
9/10/2020,2447.76,3339.19,37.3,93.06,1959.7
12/10/2020,2477.92,3668.1,46.78,93.07,1837.4
10/13/2020,2464.18,3511.93,40.2,93.53,1894.6
10/14/2020,2453.61,3488.67,41.04,93.38,1907.3
10/15/2020,2435.93,3483.34,40.96,93.86,1908.9
10/16/2020,2440.14,3483.81,40.88,93.68,1906.4
10/19/2020,2417.69,3426.92,40.83,93.43,1911.7
10/20/2020,2422.71,3443.12,41.46,93.07,1915.4
10/21/2020,2417.83,3435.56,40.03,92.61,1929.5
10/22/2020,2421,3453.49,40.64,92.95,1904.6
10/23/2020,2430.54,3465.39,39.85,92.77,1905.2
10/26/2020,2390.08,3400.97,38.56,93.04,1905.7
10/27/2020,2381.65,3390.68,39.57,92.94,1911.9
10/28/2020,2306.65,3271.03,37.39,93.4,1879.2
10/29/2020,2318.44,3310.11,36.17,93.96,1871.6
10/30/2020,2292.93,3269.96,35.79,94.04,1883.5
2/11/2020,2322.14,3357.75,49.94,94.13,1570.1
3/11/2020,2369.27,2741.38,32.98,93.55,1644.1
5/11/2020,2466.58,2930.32,24.14,92.53,1704.6
6/11/2020,2470.05,3002.1,36.34,92.23,1739.8
9/11/2020,2502.06,3340.97,37.33,92.72,1943.3
11/11/2020,2528.25,3572.66,41.45,93.04,1866.2
12/11/2020,2509.24,3663.46,46.57,92.96,1843.6
11/13/2020,2529.29,3585.15,40.13,92.75,1890.7
11/16/2020,2561.5,3626.91,41.34,92.64,1891.5
11/17/2020,2558.43,3609.53,41.43,92.42,1888.8
11/18/2020,2543.36,3567.79,41.82,92.32,1877.1
11/19/2020,2546.31,3581.87,41.74,92.29,1864.8
11/20/2020,2540.02,3557.54,42.15,92.39,1875.7
11/23/2020,2546.9,3577.59,43.06,92.5,1841.5
11/24/2020,2587.19,3635.41,44.91,92.23,1808.1
11/25/2020,2589.67,3629.65,45.71,91.99,1808.8
11/27/2020,2601.45,3638.35,45.53,91.79,1788.1
11/30/2020,2583.14,3621.63,45.34,91.87,1780.9
2/12/2020,2613.91,3379.45,51.17,91.12,1571.6
3/12/2020,2621.28,2480.64,31.5,90.71,1592.1
8/12/2020,2642.05,3380.35,42.67,90.96,1940.5
10/12/2020,2628.58,3534.22,39.43,90.82,1928.9
11/12/2020,2621.89,3537.01,41.12,90.98,1877.8
12/14/2020,2619.43,3647.49,46.99,90.71,1832.1
12/15/2020,2643.74,3694.62,47.62,90.47,1855.3
12/16/2020,2654.79,3701.17,47.82,90.45,1859.1
12/17/2020,2674.87,3722.48,48.36,89.82,1890.4
12/18/2020,2666.3,3709.41,49.1,90.02,1888.9
12/21/2020,2644.97,3694.92,47.74,90.04,1882.8
12/22/2020,2643.07,3687.26,47.02,90.65,1870.3
12/23/2020,2651.41,3690.01,48.12,90.41,1878.1
12/24/2020,2659.04,3703.06,48.23,90.32,1883.2
12/28/2020,2676.8,3735.36,47.62,90.34,1880.4
12/29/2020,2682.18,3727.04,48,89.99,1882.9
12/30/2020,2686.06,3732.04,48.4,89.68,1895.6
12/31/2020,2690.04,3756.07,48.52,89.94,1897.3
4/01/2021,2670.04,4019.87,61.45,89.87,1728.4
6/01/2021,2699.51,4202.04,67.72,89.53,1905
7/01/2021,2734.19,4319.94,75.23,89.83,1777.6
11/01/2021,2730.05,4613.67,84.05,90.46,1796.9
12/01/2021,2734.4,4513.04,65.57,90.09,1784.3
01/13/2021,2739.87,3809.84,52.91,90.36,1856.8
01/14/2021,2738.09,3795.54,53.57,90.24,1853.3
01/15/2021,2714.81,3768.25,52.36,90.77,1831.7
01/19/2021,2732.48,3798.91,52.98,90.5,1842
01/20/2021,2761.48,3851.85,53.24,90.47,1868.5
01/21/2021,2765.57,3853.07,53.13,90.13,1867.5
01/22/2021,2755.66,3841.47,52.27,90.24,1857.9
01/25/2021,2756.87,3855.36,52.77,90.39,1856.9
01/26/2021,2754.12,3849.62,52.61,90.17,1852.8
01/27/2021,2694.42,3750.77,52.85,90.65,1846.8
01/28/2021,2710.6,3787.38,52.34,90.46,1841.2
01/29/2021,2661.69,3714.24,52.2,90.58,1850.3
2/02/2021,2731.95,3826.31,54.76,91.2,1833.4
3/02/2021,2737.93,3870.29,59.75,91.17,1735.1
8/02/2021,2795.89,4387.11,71.26,90.93,1819.8
9/02/2021,2798.55,4536.95,69.99,90.44,1810.4
11/02/2021,2807.16,4630.65,83.91,90.42,1790.6
12/02/2021,2818.85,4577.1,66.5,90.48,1762.7
02/16/2021,2828.15,3932.59,60.05,90.51,1799
02/17/2021,2815.98,3931.33,61.14,90.95,1772.8
02/18/2021,2802.92,3913.97,60.52,90.59,1775
02/19/2021,2806.47,3906.71,59.24,90.36,1777.4
02/22/2021,2788.11,3876.5,61.49,90.01,1808.4
02/23/2021,2789.21,3881.37,61.67,90.17,1805.9
02/24/2021,2802.4,3925.43,63.22,90.18,1797.9
02/25/2021,2760.26,3829.34,63.53,90.13,1776.9
02/26/2021,2726.91,3811.15,61.5,90.88,1730.1
2/03/2021,2768.25,3830.17,55.69,90.79,1835.1
3/03/2021,2741.68,3819.72,61.28,90.95,1717.3
5/03/2021,2728.56,4192.66,64.49,91.98,1792.6
8/03/2021,2722.64,4423.15,70.56,92.31,1811.7
9/03/2021,2761.82,4535.43,69.29,91.96,1832.6
11/03/2021,2806.07,4660.57,80.86,91.42,1765.1
12/03/2021,2807.21,4538.43,66.26,91.68,1783.9
03/15/2021,2821.85,3968.94,65.39,91.83,1730.6
03/16/2021,2823.69,3962.71,64.8,91.86,1732.2
03/17/2021,2826.79,3974.12,64.6,91.44,1728.4
03/18/2021,2802.27,3915.46,60,91.86,1733.7
03/19/2021,2796.14,3913.1,61.42,91.92,1742.9
03/22/2021,2809.65,3940.59,61.55,91.74,1739.4
03/23/2021,2788.01,3910.52,57.76,92.34,1726.4
03/24/2021,2767.26,3889.14,61.18,92.53,1734.4
03/25/2021,2775.05,3909.52,58.56,92.53,1726.3
03/26/2021,2814.86,3974.54,60.97,92.77,1733.6
03/29/2021,2811.53,3971.09,61.56,92.94,1713.6
03/30/2021,2805.1,3958.55,60.55,93.3,1686
03/31/2021,2811.7,3972.89,59.16,93.23,1715.6
1/04/2021,2840.19,3700.65,47.62,92.93,1949
2/04/2021,2841.89,3871.74,56.23,93.02,1791.2
5/04/2021,2872.97,4164.66,65.69,92.6,1777
6/04/2021,2876.23,4229.89,69.62,92.33,1892
8/04/2021,2895.61,4402.68,68.15,92.06,1812.2
04/13/2021,2918.19,4141.59,60.18,91.85,1747.6
04/14/2021,2913.53,4124.66,63.15,91.69,1736.3
04/15/2021,2941.75,4170.42,63.46,91.69,1766.8
04/16/2021,2953.35,4185.47,63.13,91.56,1780.2
04/19/2021,2944.05,4163.26,63.38,91.07,1770.6
04/20/2021,2915.78,4134.94,62.44,91.24,1778.4
04/21/2021,2932.98,4173.42,61.35,91.15,1793.1
04/22/2021,2923.91,4134.98,61.43,91.33,1782
04/23/2021,2946.11,4180.17,62.14,90.86,1777.8
04/26/2021,2956.13,4187.62,61.91,90.81,1780.1
04/27/2021,2952.01,4186.72,62.94,90.91,1778.8
04/28/2021,2951.88,4183.18,63.86,90.61,1773.9
04/29/2021,2963.31,4211.47,65.01,90.61,1769.4
04/30/2021,2938.76,4181.17,63.58,91.28,1768.6
3/05/2021,2948.67,3841.94,66.09,90.94,1700.3
4/05/2021,2922.5,4077.91,58.65,91.29,1728.8
5/05/2021,2932.84,4167.59,65.63,91.31,1785.3
10/05/2021,2961.57,4345.72,78.93,90.21,1760.9
11/05/2021,2928.33,4697.53,81.27,90.14,1818
05/13/2021,2892.48,4112.5,63.82,90.75,1825
05/14/2021,2938.63,4173.85,65.37,90.32,1839.1
05/17/2021,2934.18,4163.29,66.27,90.16,1868.5
05/18/2021,2928.68,4127.83,65.49,89.75,1869
05/19/2021,2910.94,4115.68,63.36,90.19,1882.3
05/20/2021,2942.21,4159.12,62.05,89.81,1882.8
05/21/2021,2943.13,4155.86,63.58,90.02,1877.6
05/24/2021,2966.44,4197.05,66.05,89.84,1885.5
05/25/2021,2965.51,4188.13,66.07,89.64,1899
05/26/2021,2969.51,4195.99,66.21,90.04,1902.3
05/27/2021,2970.64,4200.88,66.85,89.97,1898.5
05/28/2021,2979.3,4204.11,66.32,90.03,1905.3
1/06/2021,2982.02,3748.14,50.63,89.83,1910.4
4/06/2021,2997.36,4073.94,59.33,90.14,1743
7/06/2021,3000.97,4343.54,73.37,89.95,1795
8/06/2021,3001.83,4436.52,68.28,90.08,1761.1
10/06/2021,3007.46,4363.55,77.43,90.07,1761.8
06/14/2021,3019.88,4255.15,70.88,90.52,1865.9
06/15/2021,3017.27,4246.59,72.12,90.54,1856.4
06/16/2021,3008.48,4223.7,72.15,91.13,1861.4
06/17/2021,2996.51,4221.86,71.04,91.89,1774.8
06/18/2021,2954.19,4166.45,71.64,92.22,1769
06/21/2021,2982.11,4224.79,73.66,91.9,1782.9
06/22/2021,3001.14,4246.44,73.06,91.76,1777.4
06/23/2021,2998,4241.84,73.08,91.8,1783.4
06/24/2021,3013.36,4266.49,73.3,91.81,1776.7
06/25/2021,3024.94,4280.7,74.05,91.85,1777.8
06/28/2021,3025.22,4290.61,72.91,91.89,1780.7
06/29/2021,3024.44,4291.8,72.98,92.05,1764.5
06/30/2021,3017.23,4297.5,73.47,92.44,1772.4
1/07/2021,3028.2,3803.79,50.83,92.6,1915.6
5/07/2021,3049.84,4232.6,64.9,92.21,1832.4
6/07/2021,3042.63,4226.52,69.23,92.55,1898.8
7/07/2021,3049.66,4358.13,72.2,92.64,1803
9/07/2021,3053.12,4520.03,68.35,92.13,1797.4
12/07/2021,3068.27,4686.75,72.05,92.26,1784.7
07/13/2021,3059.28,4369.21,75.25,92.75,1810.8
07/14/2021,3058.59,4374.3,73.13,92.41,1825.9
07/15/2021,3043.52,4360.03,71.65,92.62,1829.9
07/16/2021,3024.65,4327.16,71.81,92.69,1815.9
07/19/2021,2975.55,4258.63,66.42,92.89,1810.2
07/20/2021,3005.86,4323.21,67.42,92.97,1812.3
07/21/2021,3036.73,4358.69,70.3,92.75,1804.4
07/22/2021,3046.6,4367.48,71.91,92.82,1806.5
07/23/2021,3072.38,4411.8,72.07,92.91,1802.9
07/26/2021,3080.4,4422.23,71.91,92.65,1800.4
07/27/2021,3068.87,4401.46,71.65,92.43,1800.9
07/28/2021,3069.49,4400.65,72.39,92.32,1800.8
07/29/2021,3089.82,4419.15,73.62,91.86,1833.2
07/30/2021,3069.25,4395.26,73.95,92.17,1814.5
2/08/2021,3077.11,3915.59,57.97,92.05,1834.2
3/08/2021,3092.51,3821.35,65.05,92.08,1679.6
4/08/2021,3085.83,4097.17,59.6,92.27,1758.2
6/08/2021,3098.06,4227.26,70.05,92.8,1894.4
9/08/2021,3097.06,4514.07,69.3,92.94,1792.4
10/08/2021,3099.49,4391.36,79.35,93.06,1757.4
11/08/2021,3109.97,4701.7,81.93,92.92,1829.2
12/08/2021,3115.74,4701.21,72.36,93.04,1785.5
08/13/2021,3125.12,4468,68.44,92.52,1776
08/16/2021,3121.99,4479.66,67.29,92.63,1787.6
08/17/2021,3100.12,4448.08,66.59,93.13,1785.7
08/18/2021,3078.01,4400.27,65.46,93.14,1782.3
08/19/2021,3063.22,4405.8,63.69,93.57,1780.9
08/20/2021,3080.02,4441.67,62.32,93.5,1781.8
08/23/2021,3112.57,4479.54,65.64,92.96,1804
08/24/2021,3122,4486.23,67.54,92.89,1806.3
08/25/2021,3125.83,4496.19,68.36,92.82,1788.8
08/26/2021,3110.27,4469.91,67.42,93.06,1793
08/27/2021,3133.67,4509.37,68.74,92.69,1817.2
08/30/2021,3146.63,4528.79,69.21,92.65,1810
08/31/2021,3141.35,4522.68,68.5,92.63,1816.9
2/09/2021,3161.46,3911.23,58.36,92.22,1837.5
3/09/2021,3163.99,3875.44,64.01,92.04,1718.5
6/09/2021,3169.64,4219.55,69.96,92.04,1895.5
7/09/2021,3158.94,4369.55,74.56,92.51,1811.5
8/09/2021,3146.96,4432.35,66.48,92.65,1724.4
9/09/2021,3136.04,4493.28,68.14,92.48,1798.9
09/13/2021,3126.1,4468.73,70.45,92.68,1793.3
09/14/2021,3116.08,4443.05,70.46,92.62,1806.1
09/15/2021,3127.71,4480.7,72.61,92.55,1793.7
09/16/2021,3122.57,4473.76,72.61,92.93,1755.7
09/17/2021,3096.61,4432.99,71.97,93.19,1750.5
09/20/2021,3046.2,4357.73,70.29,93.28,1762.9
09/21/2021,3049.68,4354.18,70.56,93.2,1777.3
09/22/2021,3074.35,4395.64,72.23,93.46,1777.9
09/23/2021,3106.42,4448.98,73.3,93.03,1748.9
09/24/2021,3103.53,4455.48,73.98,93.33,1750.9
09/27/2021,3095.56,4443.11,75.45,93.38,1751.4
09/28/2021,3032.7,4352.63,75.29,93.77,1737
09/29/2021,3028.75,4359.46,74.83,94.34,1722.9
09/30/2021,3006.6,4307.54,75.03,94.23,1757
5/10/2021,3016.19,4188.43,64.92,93.97,1838.6
6/10/2021,3015.95,4239.18,70.29,94.27,1896.4
8/10/2021,3043.74,4436.75,68.29,94.07,1729.7
11/10/2021,3031.57,4646.71,81.34,94.32,1849.5
12/10/2021,3024.72,4712.02,71.67,94.52,1784.8
10/13/2021,3039.01,4363.8,80.44,94.08,1794.7
10/14/2021,3084.59,4438.23,81.31,93.96,1797.9
10/15/2021,3109.47,4471.37,82.28,93.94,1768.3
10/18/2021,3114.01,4486.48,82.44,93.95,1765.7
10/19/2021,3136.19,4519.63,82.96,93.73,1770.5
10/20/2021,3147.7,4536.19,83.87,93.56,1784.9
10/21/2021,3152.33,4549.78,82.5,93.77,1781.9
10/22/2021,3151.16,4544.9,83.76,93.64,1796.3
10/25/2021,3159.88,4566.48,83.76,93.81,1806.8
10/26/2021,3167.44,4574.79,84.65,93.95,1793.4
10/27/2021,3152.05,4551.68,82.66,93.8,1798.8
10/28/2021,3179.44,4596.42,82.81,93.35,1803.6
10/29/2021,3174.73,4605.38,83.57,94.12,1784.9
1/11/2021,3190.54,3799.61,52.25,93.88,1852.7
2/11/2021,3195.67,3916.38,58.24,94.09,1826.8
3/11/2021,3212.35,3939.34,66.02,93.86,1723.9
5/11/2021,3232.26,4152.1,65.28,94.32,1837
8/11/2021,3237.44,4447.7,69.25,94.05,1751.2
10/11/2021,3201.57,4361.19,80.52,94.85,1755.7
11/11/2021,3201.99,4649.27,81.59,95.18,1865.2
11/15/2021,3226.45,4682.81,80.88,95.41,1868
11/16/2021,3230.01,4700.9,80.76,95.92,1855.4
11/17/2021,3221.03,4688.67,78.36,95.83,1871.5
11/18/2021,3226.37,4706.64,79.01,95.54,1862.7
11/19/2021,3219.9,4697.96,76.1,96.03,1852.9
11/22/2021,3201.49,4682.95,76.75,96.55,1807.7
11/23/2021,3196.88,4690.7,78.5,96.49,1785.1
11/24/2021,3198.12,4701.46,78.39,96.88,1785.6
11/26/2021,3131.98,4594.62,68.15,96.09,1786.9
11/29/2021,3155.73,4655.27,69.95,96.34,1785.2
11/30/2021,3101.8,4567,66.18,95.99,1776.5
1/12/2021,3087.98,3801.19,53.21,96.03,1846.1
2/12/2021,3111.17,3934.83,59.47,96.16,1823.2
3/12/2021,3086.44,3943.34,65.61,96.12,1721.2
7/12/2021,3184.17,4384.63,74.1,96.37,1806.8
8/12/2021,3196.39,4460.84,69.09,95.89,1749.8
10/12/2021,3188.26,4350.64,80.64,96.1,1759.3
12/13/2021,3162,4669.15,71.29,96.32,1788.3
12/14/2021,3138.06,4634.09,70.73,96.57,1772.3
12/15/2021,3175.11,4709.84,70.87,96.51,1764.5
12/16/2021,3167.33,4668.67,72.38,96.04,1798.2
12/17/2021,3139.75,4620.64,70.86,96.57,1804.9
12/20/2021,3100.5,4568.02,68.23,96.55,1794.6
12/21/2021,3152.31,4649.23,71.12,96.49,1788.7
12/22/2021,3183.62,4696.56,72.76,96.08,1802.2
12/23/2021,3206.08,4725.78,73.79,96.02,1811.7
12/27/2021,3237.7,4791.19,75.57,96.09,1808.8
12/28/2021,3239.28,4786.36,75.98,96.2,1810.9
12/29/2021,3243.95,4793.06,76.56,95.93,1805.8
12/30/2021,3237.07,4778.73,76.99,95.97,1815.3
12/31/2021,3231.73,4766.18,75.21,95.97,1829.7
3/01/2022,3241.43,4306.26,103.41,96.21,1945.3
4/01/2022,3248.12,4545.86,99.27,96.26,1923.7
6/01/2022,3184.62,4101.23,115.26,96.32,1848.7
7/01/2022,3177.54,3825.33,108.43,95.72,1805.9
01/13/2022,3182.06,4659.02,82.12,94.79,1823.3
01/14/2022,3173.12,4662.85,83.82,95.17,1818.3
01/18/2022,3124.21,4577.34,85.43,95.73,1814.1
01/19/2022,3098.6,4532.76,86.96,95.51,1844.7
01/20/2022,3082.25,4482.73,86.9,95.74,1844.3
01/21/2022,3025.1,4397.93,85.14,95.64,1833.5
01/24/2022,3005.52,4410.13,83.31,95.92,1843.4
01/25/2022,2975.48,4356.45,85.6,95.95,1854.1
01/26/2022,2979.7,4349.93,87.35,96.39,1831
01/27/2022,2955.34,4326.5,86.61,97.25,1794.2
01/28/2022,3005.63,4431.85,86.82,97.27,1786.6
01/31/2022,3059.05,4515.55,88.15,96.54,1796.4
2/02/2022,3113.84,4589.32,88.26,95.94,1810.3
3/02/2022,3052.5,4386.54,110.6,95.38,1924.6
8/02/2022,3077.13,4091.19,94.42,95.64,1779.7
9/02/2022,3124.93,3924.26,86.87,95.49,1717.7
02/14/2022,3011.45,4401.67,95.46,96.37,1869.4
02/15/2022,3054.26,4471.07,92.07,95.99,1856.2
02/16/2022,3060.29,4475.01,93.66,95.7,1871.5
02/17/2022,3009.09,4380.26,91.76,95.8,1902
02/18/2022,2983.59,4348.87,91.07,96.04,1899.8
02/22/2022,2949.64,4304.74,92.35,96.03,1907.4
02/23/2022,2909.33,4225.5,92.1,96.19,1910.4
02/24/2022,2905.94,4288.7,92.81,97.14,1926.3
02/25/2022,2980.2,4384.62,91.59,96.61,1889.2
02/28/2022,2977.95,4373.79,95.72,96.71,1902.2
1/03/2022,2930.76,4796.56,76.08,97.41,1801.1
2/03/2022,2964.24,4477.44,90.27,97.39,1804.1
3/03/2022,2942.45,4363.49,107.67,97.79,1938.1
8/03/2022,2797.7,4155.17,90.66,99.06,1766.1
10/03/2022,2871.52,3678.43,83.63,98.51,1702
03/14/2022,2826.49,4173.11,103.01,99,1963.4
03/15/2022,2865.89,4262.45,96.44,99.1,1932.6
03/16/2022,2936.33,4357.95,95.04,98.62,1911.9
03/17/2022,2981.31,4411.67,102.98,97.97,1946
03/18/2022,3010.59,4463.09,104.7,98.23,1931.7
03/21/2022,3010.08,4461.18,112.12,98.5,1932.5
03/22/2022,3040.37,4511.61,111.76,98.49,1924.4
03/23/2022,3012.79,4456.23,114.93,98.62,1940.2
03/24/2022,3041.48,4520.16,112.34,98.79,1964.9
03/25/2022,3049.11,4543.04,113.9,98.79,1956.9
03/28/2022,3061.63,4575.52,105.96,99.09,1942.3
03/29/2022,3110.81,4631.6,104.24,98.4,1915.2
03/30/2022,3096.67,4602.45,107.82,97.79,1939
03/31/2022,3053.07,4530.41,100.28,98.31,1954
1/04/2022,3057.07,4793.54,76.99,98.63,1815.8
4/04/2022,3081.38,4582.64,103.28,99,1934
5/04/2022,3049.39,4300.17,107.81,99.47,1872.1
8/04/2022,3012.19,4151.94,88.54,99.8,1796.2
04/13/2022,2985.07,4446.59,104.25,99.88,1984.7
04/14/2022,2960.64,4392.59,106.95,100.32,1974.9
04/18/2022,2954.15,4391.69,108.21,100.78,1986.4
04/19/2022,2984.7,4462.21,102.56,100.96,1959
04/20/2022,2994.64,4459.45,102.75,100.39,1955.6
04/21/2022,2959.92,4393.66,103.79,100.58,1948.2
04/22/2022,2882.45,4271.78,102.07,101.22,1934.3
04/25/2022,2877.7,4296.12,98.54,101.75,1896
04/26/2022,2811,4175.2,101.7,102.3,1904.1
04/27/2022,2807.51,4183.96,102.02,102.95,1888.7
04/28/2022,2861.55,4287.5,105.36,103.62,1894.8
04/29/2022,2795.62,4131.93,104.69,102.96,1915.1
4/05/2022,2864.43,4525.12,101.96,102.59,1927.5
5/05/2022,2784.12,4152.38,108.26,103.75,1879
10/05/2022,2677.25,3783.28,87.76,103.92,1720.8
05/13/2022,2701.33,4023.89,110.49,104.56,1811.3
05/16/2022,2693.95,4008.01,114.2,104.19,1816.8
05/17/2022,2746.82,4088.85,112.4,103.36,1821.9
05/18/2022,2665.06,3923.68,109.59,103.81,1819
05/19/2022,2651.55,3900.79,112.21,102.72,1844
05/20/2022,2655.91,3901.36,113.23,103.15,1844.7
05/23/2022,2702.25,3973.75,110.29,102.08,1850.6
05/24/2022,2680.46,3941.48,109.77,101.86,1868.4
05/25/2022,2700.09,3978.73,110.33,102.06,1849.2
05/26/2022,2743.96,4057.84,114.09,101.83,1850.6
05/27/2022,2802.59,4158.24,115.07,101.67,1857.3
05/31/2022,2791.01,4132.15,114.67,101.75,1848.4
1/06/2022,2770.43,4696.05,79.46,102.5,1791
6/06/2022,2789.83,4121.43,118.5,102.44,1843.7
7/06/2022,2805.32,3845.08,98.53,102.32,1741.3
9/06/2022,2721.85,3908.19,86.88,103.22,1707.9
10/06/2022,2641.69,3744.52,88.45,104.15,1720.8
06/13/2022,2545.04,3749.63,120.93,105.08,1831.8
06/14/2022,2525.88,3735.48,118.93,105.52,1813.5
06/15/2022,2556.67,3789.99,115.31,105.16,1819.6
06/16/2022,2490.54,3666.77,117.59,103.63,1849.9
06/17/2022,2485.77,3674.84,109.56,104.7,1840.6
06/21/2022,2543.36,3764.79,110.65,104.43,1838.8
06/22/2022,2537.26,3759.89,106.19,104.2,1838.4
06/23/2022,2549.05,3795.73,104.27,104.43,1829.8
06/24/2022,2619.48,3911.74,107.62,104.18,1830.3
06/27/2022,2623.2,3900.11,109.57,103.94,1824.8
06/28/2022,2584.26,3821.55,111.76,104.51,1821.2
06/29/2022,2574.45,3818.83,109.78,105.11,1822
06/30/2022,2546.19,3785.38,105.76,104.68,1812
1/07/2022,2559.95,4677.02,78.9,105.14,1799.3
4/07/2022,2567.87,4500.21,96.03,105.14,1937.8
6/07/2022,2561.2,4160.68,119.41,107.1,1852.1
7/07/2022,2602.03,3902.62,102.73,107.13,1744.1
07/13/2022,2544.68,3801.78,96.3,107.96,1739.5
07/14/2022,2520.92,3790.38,95.78,108.54,1709.9
07/15/2022,2568.64,3863.16,97.59,108.06,1707.5
07/18/2022,2567.68,3830.85,102.6,107.37,1713.8
07/19/2022,2628.34,3936.69,104.22,106.68,1714.1
07/20/2022,2643.93,3959.9,102.26,107.08,1703.9
07/21/2022,2663.84,3998.95,96.35,106.91,1717.3
07/22/2022,2650.82,3961.63,94.7,106.73,1731.4
07/25/2022,2651.22,3966.84,96.7,106.48,1723.2
07/26/2022,2624.49,3921.05,94.98,107.19,1721.9
07/27/2022,2675.08,4023.61,97.26,106.45,1723.3
07/28/2022,2709.82,4072.43,96.42,106.35,1759
07/29/2022,2746.36,4130.29,98.62,105.9,1771.5
2/08/2022,2728.3,4521.54,89.36,106.24,1827.9
3/08/2022,2755.25,4170.62,123.7,106.51,2046.3
4/08/2022,2761.65,4488.28,98.26,105.69,1945.6
8/08/2022,2758.72,4140.06,90.76,106.43,1794.3
9/08/2022,2743.62,4006.18,82.98,106.37,1715.3
08/15/2022,2842.48,4297.14,89.41,106.55,1787.9
08/16/2022,2844.42,4305.2,86.53,106.5,1779.4
08/17/2022,2822.87,4274.04,88.11,106.57,1766.5
08/18/2022,2826.41,4283.74,90.5,107.48,1761.1
08/19/2022,2787.71,4228.48,90.77,108.17,1753
08/22/2022,2736.1,4137.99,90.23,109.05,1738.6
08/23/2022,2730.35,4128.73,93.74,108.62,1751.5
08/24/2022,2736.01,4140.77,94.89,108.68,1752
08/25/2022,2768.48,4199.12,92.52,108.47,1761.8
08/26/2022,2694.62,4057.66,93.06,108.8,1740.6
08/29/2022,2668.79,4030.61,97.01,108.83,1740.5
08/30/2022,2645.37,3986.16,91.64,108.77,1731.6
08/31/2022,2627.32,3955,89.55,108.7,1721.4
2/09/2022,2605.21,4587.18,89.66,109.53,1836.6
5/09/2022,2596.7,3991.24,103.09,109.83,1862
6/09/2022,2584.97,4017.82,121.51,110.21,1852.8
8/09/2022,2636.17,4122.47,90.5,109.71,1801.5
9/09/2022,2682.9,4067.36,86.79,109,1723.6
09/13/2022,2619.5,3932.69,87.31,109.82,1712
09/14/2022,2617.84,3946.01,88.48,109.66,1703.2
09/15/2022,2592,3901.35,85.1,109.74,1671.4
09/16/2022,2569.29,3873.33,85.11,109.76,1677.9
09/19/2022,2580.55,3899.89,85.73,109.74,1672.6
09/20/2022,2554.02,3855.93,84.45,110.21,1665.7
09/21/2022,2516.59,3789.93,82.94,110.64,1670.5
09/22/2022,2489.36,3757.99,83.49,111.35,1676.1
09/23/2022,2438.5,3693.23,78.74,113.19,1650
09/26/2022,2408.44,3655.04,76.71,114.1,1628.2
09/27/2022,2403.88,3647.29,78.5,114.11,1631.1
09/28/2022,2438.78,3719.04,82.15,112.6,1665.1
09/29/2022,2401.32,3640.47,81.23,112.25,1668.6
09/30/2022,2378.65,3585.62,79.49,112.12,1672
3/10/2022,2429.91,4259.52,106.02,111.75,2002.9
5/10/2022,2500.08,4001.05,99.76,111.07,1844.4
6/10/2022,2478.42,3900.86,120.67,112.26,1875.5
10/10/2022,2395.61,3612.39,91.13,113.07,1675.2
